areaType,areaName,areaCode,date,newCasesBySpecimenDate,cumCasesBySpecimenDate,newFirstEpisodesBySpecimenDate,cumFirstEpisodesBySpecimenDate,newReinfectionsBySpecimenDate,cumReinfectionsBySpecimenDate
nation,Scotland,S92000003,2022-06-01,820,1958838,725,1845481,95,113357
nation,Scotland,S92000003,2022-05-31,1229,1958018,1055,1844756,174,113262
nation,Scotland,S92000003,2022-05-30,1131,1956789,992,1843701,139,113088
nation,Scotland,S92000003,2022-05-29,951,1955658,844,1842709,107,112949
nation,Scotland,S92000003,2022-05-28,808,1954707,714,1841865,94,112842
nation,Scotland,S92000003,2022-05-27,864,1953899,749,1841151,115,112748
nation,Scotland,S92000003,2022-05-26,895,1953035,779,1840402,116,112633
nation,Scotland,S92000003,2022-05-25,1048,1952140,894,1839623,154,112517
nation,Scotland,S92000003,2022-05-24,1032,1951092,880,1838729,152,112363
nation,Scotland,S92000003,2022-05-23,1013,1950060,865,1837849,148,112211
nation,Scotland,S92000003,2022-05-22,816,1949047,725,1836984,91,112063
nation,Scotland,S92000003,2022-05-21,746,1948231,656,1836259,90,111972
nation,Scotland,S92000003,2022-05-20,746,1947485,658,1835603,88,111882
nation,Scotland,S92000003,2022-05-19,799,1946739,695,1834945,104,111794
nation,Scotland,S92000003,2022-05-18,909,1945940,783,1834250,126,111690
nation,Scotland,S92000003,2022-05-17,1063,1945031,890,1833467,173,111564
nation,Scotland,S92000003,2022-05-16,1110,1943968,942,1832577,168,111391
nation,Scotland,S92000003,2022-05-15,921,1942858,788,1831635,133,111223
nation,Scotland,S92000003,2022-05-14,739,1941937,653,1830847,86,111090
nation,Scotland,S92000003,2022-05-13,867,1941198,742,1830194,125,111004
nation,Scotland,S92000003,2022-05-12,982,1940331,854,1829452,128,110879
nation,Scotland,S92000003,2022-05-11,1093,1939349,941,1828598,152,110751
nation,Scotland,S92000003,2022-05-10,1169,1938256,1020,1827657,149,110599
nation,Scotland,S92000003,2022-05-09,1355,1937087,1181,1826637,174,110450
nation,Scotland,S92000003,2022-05-08,1018,1935732,876,1825456,142,110276
nation,Scotland,S92000003,2022-05-07,840,1934714,730,1824580,110,110134
nation,Scotland,S92000003,2022-05-06,1043,1933874,895,1823850,148,110024
nation,Scotland,S92000003,2022-05-05,1210,1932831,1040,1822955,170,109876
nation,Scotland,S92000003,2022-05-04,1422,1931621,1231,1821915,191,109706
nation,Scotland,S92000003,2022-05-03,1632,1930199,1406,1820684,226,109515
nation,Scotland,S92000003,2022-05-02,1176,1928567,1010,1819278,166,109289
nation,Scotland,S92000003,2022-05-01,995,1927391,872,1818268,123,109123
nation,Scotland,S92000003,2022-04-30,1214,1926396,1067,1817396,147,109000
nation,Scotland,S92000003,2022-04-29,1647,1925182,1454,1816329,193,108853
nation,Scotland,S92000003,2022-04-28,2116,1923535,1834,1814875,282,108660
nation,Scotland,S92000003,2022-04-27,2453,1921419,2125,1813041,328,108378
nation,Scotland,S92000003,2022-04-26,2745,1918966,2394,1810916,351,108050
nation,Scotland,S92000003,2022-04-25,3102,1916221,2669,1808522,433,107699
nation,Scotland,S92000003,2022-04-24,2300,1913119,1991,1805853,309,107266
nation,Scotland,S92000003,2022-04-23,2139,1910819,1920,1803862,219,106957
nation,Scotland,S92000003,2022-04-22,2548,1908680,2234,1801942,314,106738
nation,Scotland,S92000003,2022-04-21,3185,1906132,2800,1799708,385,106424
nation,Scotland,S92000003,2022-04-20,3636,1902947,3182,1796908,454,106039
nation,Scotland,S92000003,2022-04-19,4243,1899311,3655,1793726,588,105585
nation,Scotland,S92000003,2022-04-18,3880,1895068,3415,1790071,465,104997
nation,Scotland,S92000003,2022-04-17,3301,1891188,2953,1786656,348,104532
nation,Scotland,S92000003,2022-04-16,3222,1887887,2897,1783703,325,104184
nation,Scotland,S92000003,2022-04-15,3631,1884665,3249,1780806,382,103859
nation,Scotland,S92000003,2022-04-14,4320,1881034,3872,1777557,448,103477
nation,Scotland,S92000003,2022-04-13,5135,1876714,4609,1773685,526,103029
nation,Scotland,S92000003,2022-04-12,5304,1871579,4706,1769076,598,102503
nation,Scotland,S92000003,2022-04-11,5544,1866275,4898,1764370,646,101905
nation,Scotland,S92000003,2022-04-10,4388,1860731,3919,1759472,469,101259
nation,Scotland,S92000003,2022-04-09,4086,1856343,3672,1755553,414,100790
nation,Scotland,S92000003,2022-04-08,4602,1852257,4095,1751881,507,100376
nation,Scotland,S92000003,2022-04-07,5671,1847655,5082,1747786,589,99869
nation,Scotland,S92000003,2022-04-06,6420,1841984,5704,1742704,716,99280
nation,Scotland,S92000003,2022-04-05,7012,1835564,6269,1737000,743,98564
nation,Scotland,S92000003,2022-04-04,6791,1828552,6034,1730731,757,97821
nation,Scotland,S92000003,2022-04-03,5319,1821761,4765,1724697,554,97064
nation,Scotland,S92000003,2022-04-02,4854,1816442,4368,1719932,486,96510
nation,Scotland,S92000003,2022-04-01,5611,1811588,5054,1715564,557,96024
nation,Scotland,S92000003,2022-03-31,6770,1805977,6019,1710510,751,95467
nation,Scotland,S92000003,2022-03-30,8144,1799207,7252,1704491,892,94716
nation,Scotland,S92000003,2022-03-29,9750,1791063,8734,1697239,1016,93824
nation,Scotland,S92000003,2022-03-28,10260,1781313,9091,1688505,1169,92808
nation,Scotland,S92000003,2022-03-27,7824,1771053,7041,1679414,783,91639
nation,Scotland,S92000003,2022-03-26,7216,1763229,6524,1672373,692,90856
nation,Scotland,S92000003,2022-03-25,8814,1756013,7949,1665849,865,90164
nation,Scotland,S92000003,2022-03-24,10379,1747199,9313,1657900,1066,89299
nation,Scotland,S92000003,2022-03-23,11769,1736820,10469,1648587,1300,88233
nation,Scotland,S92000003,2022-03-22,12339,1725051,11013,1638118,1326,86933
nation,Scotland,S92000003,2022-03-21,13644,1712712,12119,1627105,1525,85607
nation,Scotland,S92000003,2022-03-20,10509,1699068,9519,1614986,990,84082
nation,Scotland,S92000003,2022-03-19,9158,1688559,8323,1605467,835,83092
nation,Scotland,S92000003,2022-03-18,9866,1679401,8894,1597144,972,82257
nation,Scotland,S92000003,2022-03-17,11421,1669535,10259,1588250,1162,81285
nation,Scotland,S92000003,2022-03-16,13457,1658114,12119,1577991,1338,80123
nation,Scotland,S92000003,2022-03-15,14803,1644657,13270,1565872,1533,78785
nation,Scotland,S92000003,2022-03-14,15277,1629854,13629,1552602,1648,77252
nation,Scotland,S92000003,2022-03-13,12133,1614577,10914,1538973,1219,75604
nation,Scotland,S92000003,2022-03-12,10080,1602444,9183,1528059,897,74385
nation,Scotland,S92000003,2022-03-11,11413,1592364,10362,1518876,1051,73488
nation,Scotland,S92000003,2022-03-10,12498,1580951,11250,1508514,1248,72437
nation,Scotland,S92000003,2022-03-09,13938,1568453,12564,1497264,1374,71189
nation,Scotland,S92000003,2022-03-08,13585,1554515,12265,1484700,1320,69815
nation,Scotland,S92000003,2022-03-07,13337,1540930,11972,1472435,1365,68495
nation,Scotland,S92000003,2022-03-06,10047,1527593,9118,1460463,929,67130
nation,Scotland,S92000003,2022-03-05,7707,1517546,7025,1451345,682,66201
nation,Scotland,S92000003,2022-03-04,8105,1509839,7317,1444320,788,65519
nation,Scotland,S92000003,2022-03-03,9019,1501734,8200,1437003,819,64731
nation,Scotland,S92000003,2022-03-02,9364,1492715,8494,1428803,870,63912
nation,Scotland,S92000003,2022-03-01,9450,1483351,8500,1420309,950,63042
nation,Scotland,S92000003,2022-02-28,9264,1473901,8423,1411809,841,62092
nation,Scotland,S92000003,2022-02-27,6516,1464637,5995,1403386,521,61251
nation,Scotland,S92000003,2022-02-26,5384,1458121,4947,1397391,437,60730
nation,Scotland,S92000003,2022-02-25,5977,1452737,5459,1392444,518,60293
nation,Scotland,S92000003,2022-02-24,6153,1446760,5631,1386985,522,59775
nation,Scotland,S92000003,2022-02-23,7238,1440607,6562,1381354,676,59253
nation,Scotland,S92000003,2022-02-22,7667,1433369,7029,1374792,638,58577
nation,Scotland,S92000003,2022-02-21,8145,1425702,7442,1367763,703,57939
nation,Scotland,S92000003,2022-02-20,6314,1417557,5801,1360321,513,57236
nation,Scotland,S92000003,2022-02-19,5482,1411243,5019,1354520,463,56723
nation,Scotland,S92000003,2022-02-18,5943,1405761,5427,1349501,516,56260
nation,Scotland,S92000003,2022-02-17,7248,1399818,6548,1344074,700,55744
nation,Scotland,S92000003,2022-02-16,7943,1392570,7281,1337526,662,55044
nation,Scotland,S92000003,2022-02-15,8216,1384627,7497,1330245,719,54382
nation,Scotland,S92000003,2022-02-14,7805,1376411,7164,1322748,641,53663
nation,Scotland,S92000003,2022-02-13,6064,1368606,5591,1315584,473,53022
nation,Scotland,S92000003,2022-02-12,5412,1362542,4976,1309993,436,52549
nation,Scotland,S92000003,2022-02-11,6107,1357130,5630,1305017,477,52113
nation,Scotland,S92000003,2022-02-10,6768,1351023,6181,1299387,587,51636
nation,Scotland,S92000003,2022-02-09,8217,1344255,7495,1293206,722,51049
nation,Scotland,S92000003,2022-02-08,8566,1336038,7832,1285711,734,50327
nation,Scotland,S92000003,2022-02-07,7783,1327472,7087,1277879,696,49593
nation,Scotland,S92000003,2022-02-06,6064,1319689,5586,1270792,478,48897
nation,Scotland,S92000003,2022-02-05,5287,1313625,4864,1265206,423,48419
nation,Scotland,S92000003,2022-02-04,5972,1308338,5500,1260342,472,47996
nation,Scotland,S92000003,2022-02-03,7179,1302366,6548,1254842,631,47524
nation,Scotland,S92000003,2022-02-02,7973,1295187,7291,1248294,682,46893
nation,Scotland,S92000003,2022-02-01,8412,1287214,7700,1241003,712,46211
nation,Scotland,S92000003,2022-01-31,8929,1278802,8122,1233303,807,45499
nation,Scotland,S92000003,2022-01-30,6958,1269873,6399,1225181,559,44692
nation,Scotland,S92000003,2022-01-29,5492,1262915,5072,1218782,420,44133
nation,Scotland,S92000003,2022-01-28,6597,1257423,6105,1213710,492,43713
nation,Scotland,S92000003,2022-01-27,7109,1250826,6535,1207605,574,43221
nation,Scotland,S92000003,2022-01-26,8184,1243717,7556,1201070,628,42647
nation,Scotland,S92000003,2022-01-25,8454,1235533,7782,1193514,672,42019
nation,Scotland,S92000003,2022-01-24,9491,1227079,8754,1185732,737,41347
nation,Scotland,S92000003,2022-01-23,7360,1217588,6762,1176978,598,40610
nation,Scotland,S92000003,2022-01-22,6117,1210228,5678,1170216,439,40012
nation,Scotland,S92000003,2022-01-21,6659,1204111,6187,1164538,472,39573
nation,Scotland,S92000003,2022-01-20,7088,1197452,6570,1158351,518,39101
nation,Scotland,S92000003,2022-01-19,7904,1190364,7269,1151781,635,38583
nation,Scotland,S92000003,2022-01-18,8548,1182460,7864,1144512,684,37948
nation,Scotland,S92000003,2022-01-17,9173,1173912,8415,1136648,758,37264
nation,Scotland,S92000003,2022-01-16,7095,1164739,6582,1128233,513,36506
nation,Scotland,S92000003,2022-01-15,5803,1157644,5352,1121651,451,35993
nation,Scotland,S92000003,2022-01-14,6514,1151841,6038,1116299,476,35542
nation,Scotland,S92000003,2022-01-13,7290,1145327,6767,1110261,523,35066
nation,Scotland,S92000003,2022-01-12,7683,1138037,7111,1103494,572,34543
nation,Scotland,S92000003,2022-01-11,8301,1130354,7617,1096383,684,33971
nation,Scotland,S92000003,2022-01-10,9403,1122053,8636,1088766,767,33287
nation,Scotland,S92000003,2022-01-09,7691,1112650,7126,1080130,565,32520
nation,Scotland,S92000003,2022-01-08,7292,1104959,6690,1073004,602,31955
nation,Scotland,S92000003,2022-01-07,9132,1097667,8386,1066314,746,31353
nation,Scotland,S92000003,2022-01-06,13900,1088535,12738,1057928,1162,30607
nation,Scotland,S92000003,2022-01-05,22564,1074635,20604,1045190,1960,29445
nation,Scotland,S92000003,2022-01-04,19852,1052071,17861,1024586,1991,27485
nation,Scotland,S92000003,2022-01-03,19518,1032219,17747,1006725,1771,25494
nation,Scotland,S92000003,2022-01-02,15692,1012701,14305,988978,1387,23723
nation,Scotland,S92000003,2022-01-01,7363,997009,6790,974673,573,22336
nation,Scotland,S92000003,2021-12-31,17772,989646,16161,967883,1611,21763
nation,Scotland,S92000003,2021-12-30,22179,971874,20170,951722,2009,20152
nation,Scotland,S92000003,2021-12-29,23539,949695,21430,931552,2109,18143
nation,Scotland,S92000003,2021-12-28,19858,926156,18267,910122,1591,16034
nation,Scotland,S92000003,2021-12-27,18761,906298,17294,891855,1467,14443
nation,Scotland,S92000003,2021-12-26,7487,887537,6977,874561,510,12976
nation,Scotland,S92000003,2021-12-25,4849,880050,4518,867584,331,12466
nation,Scotland,S92000003,2021-12-24,9698,875201,8943,863066,755,12135
nation,Scotland,S92000003,2021-12-23,12413,865503,11327,854123,1086,11380
nation,Scotland,S92000003,2021-12-22,11912,853090,10903,842796,1009,10294
nation,Scotland,S92000003,2021-12-21,10540,841178,9738,831893,802,9285
nation,Scotland,S92000003,2021-12-20,8651,830638,8090,822155,561,8483
nation,Scotland,S92000003,2021-12-19,5607,821987,5275,814065,332,7922
nation,Scotland,S92000003,2021-12-18,5206,816380,4920,808790,286,7590
nation,Scotland,S92000003,2021-12-17,5879,811174,5602,803870,277,7304
nation,Scotland,S92000003,2021-12-16,6649,805295,6269,798268,380,7027
nation,Scotland,S92000003,2021-12-15,7217,798646,6847,791999,370,6647
nation,Scotland,S92000003,2021-12-14,6564,791429,6259,785152,305,6277
nation,Scotland,S92000003,2021-12-13,5793,784865,5602,778893,191,5972
nation,Scotland,S92000003,2021-12-12,3414,779072,3327,773291,87,5781
nation,Scotland,S92000003,2021-12-11,3319,775658,3231,769964,88,5694
nation,Scotland,S92000003,2021-12-10,3803,772339,3722,766733,81,5606
nation,Scotland,S92000003,2021-12-09,4072,768536,3965,763011,107,5525
nation,Scotland,S92000003,2021-12-08,4219,764464,4127,759046,92,5418
nation,Scotland,S92000003,2021-12-07,3811,760245,3722,754919,89,5326
nation,Scotland,S92000003,2021-12-06,3823,756434,3767,751197,56,5237
nation,Scotland,S92000003,2021-12-05,2530,752611,2485,747430,45,5181
nation,Scotland,S92000003,2021-12-04,2150,750081,2123,744945,27,5136
nation,Scotland,S92000003,2021-12-03,2666,747931,2642,742822,24,5109
nation,Scotland,S92000003,2021-12-02,2968,745265,2929,740180,39,5085
nation,Scotland,S92000003,2021-12-01,3127,742297,3095,737251,32,5046
nation,Scotland,S92000003,2021-11-30,3334,739170,3295,734156,39,5014
nation,Scotland,S92000003,2021-11-29,3478,735836,3457,730861,21,4975
nation,Scotland,S92000003,2021-11-28,2344,732358,2332,727404,12,4954
nation,Scotland,S92000003,2021-11-27,1898,730014,1884,725072,14,4942
nation,Scotland,S92000003,2021-11-26,2254,728116,2236,723188,18,4928
nation,Scotland,S92000003,2021-11-25,2511,725862,2492,720952,19,4910
nation,Scotland,S92000003,2021-11-24,2924,723351,2896,718460,28,4891
nation,Scotland,S92000003,2021-11-23,2918,720427,2883,715564,35,4863
nation,Scotland,S92000003,2021-11-22,3188,717509,3161,712681,27,4828
nation,Scotland,S92000003,2021-11-21,2187,714321,2175,709520,12,4801
nation,Scotland,S92000003,2021-11-20,2236,712134,2213,707345,23,4789
nation,Scotland,S92000003,2021-11-19,2804,709898,2785,705132,19,4766
nation,Scotland,S92000003,2021-11-18,3014,707094,2992,702347,22,4747
nation,Scotland,S92000003,2021-11-17,3341,704080,3318,699355,23,4725
nation,Scotland,S92000003,2021-11-16,3311,700739,3281,696037,30,4702
nation,Scotland,S92000003,2021-11-15,3681,697428,3643,692756,38,4672
nation,Scotland,S92000003,2021-11-14,2441,693747,2423,689113,18,4634
nation,Scotland,S92000003,2021-11-13,2334,691306,2322,686690,12,4616
nation,Scotland,S92000003,2021-11-12,2877,688972,2856,684368,21,4604
nation,Scotland,S92000003,2021-11-11,3242,686095,3217,681512,25,4583
nation,Scotland,S92000003,2021-11-10,3318,682853,3296,678295,22,4558
nation,Scotland,S92000003,2021-11-09,3484,679535,3458,674999,26,4536
nation,Scotland,S92000003,2021-11-08,3853,676051,3825,671541,28,4510
nation,Scotland,S92000003,2021-11-07,2312,672198,2301,667716,11,4482
nation,Scotland,S92000003,2021-11-06,2228,669886,2217,665415,11,4471
nation,Scotland,S92000003,2021-11-05,2792,667658,2772,663198,20,4460
nation,Scotland,S92000003,2021-11-04,2820,664866,2798,660426,22,4440
nation,Scotland,S92000003,2021-11-03,3007,662046,2983,657628,24,4418
nation,Scotland,S92000003,2021-11-02,3068,659039,3043,654645,25,4394
nation,Scotland,S92000003,2021-11-01,3323,655971,3299,651602,24,4369
nation,Scotland,S92000003,2021-10-31,2087,652648,2071,648303,16,4345
nation,Scotland,S92000003,2021-10-30,2047,650561,2029,646232,18,4329
nation,Scotland,S92000003,2021-10-29,2566,648514,2547,644203,19,4311
nation,Scotland,S92000003,2021-10-28,2526,645948,2497,641656,29,4292
nation,Scotland,S92000003,2021-10-27,2685,643422,2651,639159,34,4263
nation,Scotland,S92000003,2021-10-26,2946,640737,2917,636508,29,4229
nation,Scotland,S92000003,2021-10-25,3318,637791,3296,633591,22,4200
nation,Scotland,S92000003,2021-10-24,2335,634473,2319,630295,16,4178
nation,Scotland,S92000003,2021-10-23,2154,632138,2132,627976,22,4162
nation,Scotland,S92000003,2021-10-22,2463,629984,2445,625844,18,4140
nation,Scotland,S92000003,2021-10-21,2555,627521,2536,623399,19,4122
nation,Scotland,S92000003,2021-10-20,2863,624966,2840,620863,23,4103
nation,Scotland,S92000003,2021-10-19,2781,622103,2764,618023,17,4080
nation,Scotland,S92000003,2021-10-18,2982,619322,2950,615259,32,4063
nation,Scotland,S92000003,2021-10-17,2316,616340,2299,612309,17,4031
nation,Scotland,S92000003,2021-10-16,2161,614024,2149,610010,12,4014
nation,Scotland,S92000003,2021-10-15,2584,611863,2568,607861,16,4002
nation,Scotland,S92000003,2021-10-14,2695,609279,2673,605293,22,3986
nation,Scotland,S92000003,2021-10-13,2659,606584,2631,602620,28,3964
nation,Scotland,S92000003,2021-10-12,2644,603925,2621,599989,23,3936
nation,Scotland,S92000003,2021-10-11,2838,601281,2813,597368,25,3913
nation,Scotland,S92000003,2021-10-10,1892,598443,1879,594555,13,3888
nation,Scotland,S92000003,2021-10-09,2147,596551,2129,592676,18,3875
nation,Scotland,S92000003,2021-10-08,2302,594404,2279,590547,23,3857
nation,Scotland,S92000003,2021-10-07,2614,592102,2593,588268,21,3834
nation,Scotland,S92000003,2021-10-06,2658,589488,2638,585675,20,3813
nation,Scotland,S92000003,2021-10-05,2851,586830,2831,583037,20,3793
nation,Scotland,S92000003,2021-10-04,2970,583979,2945,580206,25,3773
nation,Scotland,S92000003,2021-10-03,1994,581009,1979,577261,15,3748
nation,Scotland,S92000003,2021-10-02,1873,579015,1860,575282,13,3733
nation,Scotland,S92000003,2021-10-01,2048,577142,2040,573422,8,3720
nation,Scotland,S92000003,2021-09-30,2377,575094,2361,571382,16,3712
nation,Scotland,S92000003,2021-09-29,2609,572717,2586,569021,23,3696
nation,Scotland,S92000003,2021-09-28,3207,570108,3175,566435,32,3673
nation,Scotland,S92000003,2021-09-27,3135,566901,3112,563260,23,3641
nation,Scotland,S92000003,2021-09-26,2151,563766,2135,560148,16,3618
nation,Scotland,S92000003,2021-09-25,2140,561615,2124,558013,16,3602
nation,Scotland,S92000003,2021-09-24,2717,559475,2698,555889,19,3586
nation,Scotland,S92000003,2021-09-23,3121,556758,3096,553191,25,3567
nation,Scotland,S92000003,2021-09-22,3515,553637,3488,550095,27,3542
nation,Scotland,S92000003,2021-09-21,3804,550122,3780,546607,24,3515
nation,Scotland,S92000003,2021-09-20,4014,546318,3991,542827,23,3491
nation,Scotland,S92000003,2021-09-19,2800,542304,2781,538836,19,3468
nation,Scotland,S92000003,2021-09-18,2615,539504,2604,536055,11,3449
nation,Scotland,S92000003,2021-09-17,3378,536889,3353,533451,25,3438
nation,Scotland,S92000003,2021-09-16,3575,533511,3556,530098,19,3413
nation,Scotland,S92000003,2021-09-15,4079,529936,4050,526542,29,3394
nation,Scotland,S92000003,2021-09-14,4785,525857,4745,522492,40,3365
nation,Scotland,S92000003,2021-09-13,5096,521072,5053,517747,43,3325
nation,Scotland,S92000003,2021-09-12,3374,515976,3353,512694,21,3282
nation,Scotland,S92000003,2021-09-11,3630,512602,3616,509341,14,3261
nation,Scotland,S92000003,2021-09-10,4786,508972,4757,505725,29,3247
nation,Scotland,S92000003,2021-09-09,5561,504186,5516,500968,45,3218
nation,Scotland,S92000003,2021-09-08,6258,498625,6209,495452,49,3173
nation,Scotland,S92000003,2021-09-07,6727,492367,6658,489243,69,3124
nation,Scotland,S92000003,2021-09-06,7136,485640,7086,482585,50,3055
nation,Scotland,S92000003,2021-09-05,4939,478504,4900,475499,39,3005
nation,Scotland,S92000003,2021-09-04,5030,473565,4986,470599,44,2966
nation,Scotland,S92000003,2021-09-03,6180,468535,6130,465613,50,2922
nation,Scotland,S92000003,2021-09-02,7622,462355,7526,459483,96,2872
nation,Scotland,S92000003,2021-09-01,7565,454733,7491,451957,74,2776
nation,Scotland,S92000003,2021-08-31,7031,447168,6957,444466,74,2702
nation,Scotland,S92000003,2021-08-30,6590,440137,6519,437509,71,2628
nation,Scotland,S92000003,2021-08-29,4468,433547,4431,430990,37,2557
nation,Scotland,S92000003,2021-08-28,4781,429079,4736,426559,45,2520
nation,Scotland,S92000003,2021-08-27,6076,424298,6020,421823,56,2475
nation,Scotland,S92000003,2021-08-26,7291,418222,7223,415803,68,2419
nation,Scotland,S92000003,2021-08-25,6893,410931,6824,408580,69,2351
nation,Scotland,S92000003,2021-08-24,5656,404038,5597,401756,59,2282
nation,Scotland,S92000003,2021-08-23,5562,398382,5518,396159,44,2223
nation,Scotland,S92000003,2021-08-22,3671,392820,3646,390641,25,2179
nation,Scotland,S92000003,2021-08-21,3058,389149,3030,386995,28,2154
nation,Scotland,S92000003,2021-08-20,3454,386091,3421,383965,33,2126
nation,Scotland,S92000003,2021-08-19,3745,382637,3711,380544,34,2093
nation,Scotland,S92000003,2021-08-18,3740,378892,3704,376833,36,2059
nation,Scotland,S92000003,2021-08-17,3401,375152,3362,373129,39,2023
nation,Scotland,S92000003,2021-08-16,2764,371751,2746,369767,18,1984
nation,Scotland,S92000003,2021-08-15,1637,368987,1627,367021,10,1966
nation,Scotland,S92000003,2021-08-14,1488,367350,1472,365394,16,1956
nation,Scotland,S92000003,2021-08-13,1534,365862,1523,363922,11,1940
nation,Scotland,S92000003,2021-08-12,1405,364328,1391,362399,14,1929
nation,Scotland,S92000003,2021-08-11,1588,362923,1567,361008,21,1915
nation,Scotland,S92000003,2021-08-10,1534,361335,1518,359441,16,1894
nation,Scotland,S92000003,2021-08-09,1505,359801,1488,357923,17,1878
nation,Scotland,S92000003,2021-08-08,1053,358296,1042,356435,11,1861
nation,Scotland,S92000003,2021-08-07,947,357243,941,355393,6,1850
nation,Scotland,S92000003,2021-08-06,1266,356296,1256,354452,10,1844
nation,Scotland,S92000003,2021-08-05,1344,355030,1329,353196,15,1834
nation,Scotland,S92000003,2021-08-04,1307,353686,1294,351867,13,1819
nation,Scotland,S92000003,2021-08-03,1381,352379,1366,350573,15,1806
nation,Scotland,S92000003,2021-08-02,1331,350998,1322,349207,9,1791
nation,Scotland,S92000003,2021-08-01,878,349667,873,347885,5,1782
nation,Scotland,S92000003,2021-07-31,771,348789,769,347012,2,1777
nation,Scotland,S92000003,2021-07-30,1037,348018,1034,346243,3,1775
nation,Scotland,S92000003,2021-07-29,1183,346981,1171,345209,12,1772
nation,Scotland,S92000003,2021-07-28,1297,345798,1286,344038,11,1760
nation,Scotland,S92000003,2021-07-27,1370,344501,1353,342752,17,1749
nation,Scotland,S92000003,2021-07-26,1383,343131,1372,341399,11,1732
nation,Scotland,S92000003,2021-07-25,950,341748,942,340027,8,1721
nation,Scotland,S92000003,2021-07-24,958,340798,954,339085,4,1713
nation,Scotland,S92000003,2021-07-23,1285,339840,1277,338131,8,1709
nation,Scotland,S92000003,2021-07-22,1393,338555,1378,336854,15,1701
nation,Scotland,S92000003,2021-07-21,1582,337162,1573,335476,9,1686
nation,Scotland,S92000003,2021-07-20,1613,335580,1598,333903,15,1677
nation,Scotland,S92000003,2021-07-19,1921,333967,1908,332305,13,1662
nation,Scotland,S92000003,2021-07-18,1393,332046,1385,330397,8,1649
nation,Scotland,S92000003,2021-07-17,1406,330653,1400,329012,6,1641
nation,Scotland,S92000003,2021-07-16,1764,329247,1749,327612,15,1635
nation,Scotland,S92000003,2021-07-15,1976,327483,1963,325863,13,1620
nation,Scotland,S92000003,2021-07-14,2214,325507,2193,323900,21,1607
nation,Scotland,S92000003,2021-07-13,2459,323293,2445,321707,14,1586
nation,Scotland,S92000003,2021-07-12,2595,320834,2577,319262,18,1572
nation,Scotland,S92000003,2021-07-11,1894,318239,1881,316685,13,1554
nation,Scotland,S92000003,2021-07-10,1824,316345,1812,314804,12,1541
nation,Scotland,S92000003,2021-07-09,2398,314521,2382,312992,16,1529
nation,Scotland,S92000003,2021-07-08,2749,312123,2729,310610,20,1513
nation,Scotland,S92000003,2021-07-07,2921,309374,2896,307881,25,1493
nation,Scotland,S92000003,2021-07-06,3106,306453,3090,304985,16,1468
nation,Scotland,S92000003,2021-07-05,3410,303347,3379,301895,31,1452
nation,Scotland,S92000003,2021-07-04,2426,299937,2407,298516,19,1421
nation,Scotland,S92000003,2021-07-03,2526,297511,2509,296109,17,1402
nation,Scotland,S92000003,2021-07-02,3098,294985,3079,293600,19,1385
nation,Scotland,S92000003,2021-07-01,3463,291887,3429,290521,34,1366
nation,Scotland,S92000003,2021-06-30,3948,288424,3907,287092,41,1332
nation,Scotland,S92000003,2021-06-29,3903,284476,3873,283185,30,1291
nation,Scotland,S92000003,2021-06-28,3951,280573,3922,279312,29,1261
nation,Scotland,S92000003,2021-06-27,2524,276622,2511,275390,13,1232
nation,Scotland,S92000003,2021-06-26,2316,274098,2292,272879,24,1219
nation,Scotland,S92000003,2021-06-25,2640,271782,2619,270587,21,1195
nation,Scotland,S92000003,2021-06-24,2976,269142,2947,267968,29,1174
nation,Scotland,S92000003,2021-06-23,2932,266166,2891,265021,41,1145
nation,Scotland,S92000003,2021-06-22,3288,263234,3243,262130,45,1104
nation,Scotland,S92000003,2021-06-21,3061,259946,3019,258887,42,1059
nation,Scotland,S92000003,2021-06-20,1565,256885,1548,255868,17,1017
nation,Scotland,S92000003,2021-06-19,1005,255320,997,254320,8,1000
nation,Scotland,S92000003,2021-06-18,1239,254315,1231,253323,8,992
nation,Scotland,S92000003,2021-06-17,1176,253076,1164,252092,12,984
nation,Scotland,S92000003,2021-06-16,1279,251900,1265,250928,14,972
nation,Scotland,S92000003,2021-06-15,1288,250621,1279,249663,9,958
nation,Scotland,S92000003,2021-06-14,1142,249333,1130,248384,12,949
nation,Scotland,S92000003,2021-06-13,862,248191,855,247254,7,937
nation,Scotland,S92000003,2021-06-12,715,247329,706,246399,9,930
nation,Scotland,S92000003,2021-06-11,877,246614,865,245693,12,921
nation,Scotland,S92000003,2021-06-10,1054,245737,1040,244828,14,909
nation,Scotland,S92000003,2021-06-09,1065,244683,1056,243788,9,895
nation,Scotland,S92000003,2021-06-08,1042,243618,1026,242732,16,886
nation,Scotland,S92000003,2021-06-07,962,242576,953,241706,9,870
nation,Scotland,S92000003,2021-06-06,686,241614,677,240753,9,861
nation,Scotland,S92000003,2021-06-05,615,240928,606,240076,9,852
nation,Scotland,S92000003,2021-06-04,833,240313,822,239470,11,843
nation,Scotland,S92000003,2021-06-03,957,239480,949,238648,8,832
nation,Scotland,S92000003,2021-06-02,964,238523,959,237699,5,824
nation,Scotland,S92000003,2021-06-01,786,237559,773,236740,13,819
nation,Scotland,S92000003,2021-05-31,609,236773,601,235967,8,806
nation,Scotland,S92000003,2021-05-30,491,236164,486,235366,5,798
nation,Scotland,S92000003,2021-05-29,438,235673,435,234880,3,793
nation,Scotland,S92000003,2021-05-28,550,235235,548,234445,2,790
nation,Scotland,S92000003,2021-05-27,561,234685,552,233897,9,788
nation,Scotland,S92000003,2021-05-26,632,234124,628,233345,4,779
nation,Scotland,S92000003,2021-05-25,514,233492,504,232717,10,775
nation,Scotland,S92000003,2021-05-24,504,232978,496,232213,8,765
nation,Scotland,S92000003,2021-05-23,330,232474,324,231717,6,757
nation,Scotland,S92000003,2021-05-22,296,232144,291,231393,5,751
nation,Scotland,S92000003,2021-05-21,363,231848,360,231102,3,746
nation,Scotland,S92000003,2021-05-20,389,231485,381,230742,8,743
nation,Scotland,S92000003,2021-05-19,416,231096,409,230361,7,735
nation,Scotland,S92000003,2021-05-18,420,230680,417,229952,3,728
nation,Scotland,S92000003,2021-05-17,367,230260,361,229535,6,725
nation,Scotland,S92000003,2021-05-16,237,229893,231,229174,6,719
nation,Scotland,S92000003,2021-05-15,230,229656,228,228943,2,713
nation,Scotland,S92000003,2021-05-14,299,229426,291,228715,8,711
nation,Scotland,S92000003,2021-05-13,317,229127,314,228424,3,703
nation,Scotland,S92000003,2021-05-12,303,228810,298,228110,5,700
nation,Scotland,S92000003,2021-05-11,285,228507,283,227812,2,695
nation,Scotland,S92000003,2021-05-10,335,228222,329,227529,6,693
nation,Scotland,S92000003,2021-05-09,214,227887,210,227200,4,687
nation,Scotland,S92000003,2021-05-08,187,227673,185,226990,2,683
nation,Scotland,S92000003,2021-05-07,208,227486,203,226805,5,681
nation,Scotland,S92000003,2021-05-06,219,227278,218,226602,1,676
nation,Scotland,S92000003,2021-05-05,225,227059,222,226384,3,675
nation,Scotland,S92000003,2021-05-04,198,226834,196,226162,2,672
nation,Scotland,S92000003,2021-05-03,164,226636,162,225966,2,670
nation,Scotland,S92000003,2021-05-02,124,226472,121,225804,3,668
nation,Scotland,S92000003,2021-05-01,128,226348,126,225683,2,665
nation,Scotland,S92000003,2021-04-30,178,226220,172,225557,6,663
nation,Scotland,S92000003,2021-04-29,177,226042,174,225385,3,657
nation,Scotland,S92000003,2021-04-28,198,225865,193,225211,5,654
nation,Scotland,S92000003,2021-04-27,201,225667,195,225018,6,649
nation,Scotland,S92000003,2021-04-26,199,225466,195,224823,4,643
nation,Scotland,S92000003,2021-04-25,111,225267,109,224628,2,639
nation,Scotland,S92000003,2021-04-24,153,225156,150,224519,3,637
nation,Scotland,S92000003,2021-04-23,196,225003,188,224369,8,634
nation,Scotland,S92000003,2021-04-22,236,224807,231,224181,5,626
nation,Scotland,S92000003,2021-04-21,237,224571,237,223950,0,621
nation,Scotland,S92000003,2021-04-20,247,224334,242,223713,5,621
nation,Scotland,S92000003,2021-04-19,268,224087,264,223471,4,616
nation,Scotland,S92000003,2021-04-18,175,223819,175,223207,0,612
nation,Scotland,S92000003,2021-04-17,204,223644,202,223032,2,612
nation,Scotland,S92000003,2021-04-16,224,223440,222,222830,2,610
nation,Scotland,S92000003,2021-04-15,200,223216,198,222608,2,608
nation,Scotland,S92000003,2021-04-14,216,223016,212,222410,4,606
nation,Scotland,S92000003,2021-04-13,268,222800,261,222198,7,602
nation,Scotland,S92000003,2021-04-12,262,222532,260,221937,2,595
nation,Scotland,S92000003,2021-04-11,214,222270,212,221677,2,593
nation,Scotland,S92000003,2021-04-10,231,222056,227,221465,4,591
nation,Scotland,S92000003,2021-04-09,270,221825,266,221238,4,587
nation,Scotland,S92000003,2021-04-08,285,221555,282,220972,3,583
nation,Scotland,S92000003,2021-04-07,288,221270,282,220690,6,580
nation,Scotland,S92000003,2021-04-06,359,220982,356,220408,3,574
nation,Scotland,S92000003,2021-04-05,303,220623,293,220052,10,571
nation,Scotland,S92000003,2021-04-04,258,220320,254,219759,4,561
nation,Scotland,S92000003,2021-04-03,280,220062,280,219505,0,557
nation,Scotland,S92000003,2021-04-02,358,219782,353,219225,5,557
nation,Scotland,S92000003,2021-04-01,419,219424,413,218872,6,552
nation,Scotland,S92000003,2021-03-31,396,219005,394,218459,2,546
nation,Scotland,S92000003,2021-03-30,399,218609,394,218065,5,544
nation,Scotland,S92000003,2021-03-29,517,218210,514,217671,3,539
nation,Scotland,S92000003,2021-03-28,358,217693,357,217157,1,536
nation,Scotland,S92000003,2021-03-27,387,217335,386,216800,1,535
nation,Scotland,S92000003,2021-03-26,478,216948,474,216414,4,534
nation,Scotland,S92000003,2021-03-25,576,216470,573,215940,3,530
nation,Scotland,S92000003,2021-03-24,547,215894,541,215367,6,527
nation,Scotland,S92000003,2021-03-23,607,215347,603,214826,4,521
nation,Scotland,S92000003,2021-03-22,687,214740,680,214223,7,517
nation,Scotland,S92000003,2021-03-21,465,214053,463,213543,2,510
nation,Scotland,S92000003,2021-03-20,459,213588,458,213080,1,508
nation,Scotland,S92000003,2021-03-19,547,213129,542,212622,5,507
nation,Scotland,S92000003,2021-03-18,556,212582,552,212080,4,502
nation,Scotland,S92000003,2021-03-17,603,212026,597,211528,6,498
nation,Scotland,S92000003,2021-03-16,575,211423,572,210931,3,492
nation,Scotland,S92000003,2021-03-15,688,210848,688,210359,0,489
nation,Scotland,S92000003,2021-03-14,447,210160,443,209671,4,489
nation,Scotland,S92000003,2021-03-13,466,209713,464,209228,2,485
nation,Scotland,S92000003,2021-03-12,584,209247,584,208764,0,483
nation,Scotland,S92000003,2021-03-11,665,208663,662,208180,3,483
nation,Scotland,S92000003,2021-03-10,628,207998,622,207518,6,480
nation,Scotland,S92000003,2021-03-09,658,207370,653,206896,5,474
nation,Scotland,S92000003,2021-03-08,594,206712,588,206243,6,469
nation,Scotland,S92000003,2021-03-07,436,206118,433,205655,3,463
nation,Scotland,S92000003,2021-03-06,484,205682,479,205222,5,460
nation,Scotland,S92000003,2021-03-05,467,205198,465,204743,2,455
nation,Scotland,S92000003,2021-03-04,563,204731,558,204278,5,453
nation,Scotland,S92000003,2021-03-03,496,204168,495,203720,1,448
nation,Scotland,S92000003,2021-03-02,522,203672,518,203225,4,447
nation,Scotland,S92000003,2021-03-01,555,203150,547,202707,8,443
nation,Scotland,S92000003,2021-02-28,431,202595,426,202160,5,435
nation,Scotland,S92000003,2021-02-27,418,202164,414,201734,4,430
nation,Scotland,S92000003,2021-02-26,526,201746,522,201320,4,426
nation,Scotland,S92000003,2021-02-25,633,201220,628,200798,5,422
nation,Scotland,S92000003,2021-02-24,702,200587,699,200170,3,417
nation,Scotland,S92000003,2021-02-23,693,199885,693,199471,0,414
nation,Scotland,S92000003,2021-02-22,790,199192,787,198778,3,414
nation,Scotland,S92000003,2021-02-21,610,198402,609,197991,1,411
nation,Scotland,S92000003,2021-02-20,665,197792,660,197382,5,410
nation,Scotland,S92000003,2021-02-19,893,197127,890,196722,3,405
nation,Scotland,S92000003,2021-02-18,881,196234,878,195832,3,402
nation,Scotland,S92000003,2021-02-17,828,195353,825,194954,3,399
nation,Scotland,S92000003,2021-02-16,920,194525,912,194129,8,396
nation,Scotland,S92000003,2021-02-15,968,193605,963,193217,5,388
nation,Scotland,S92000003,2021-02-14,683,192637,681,192254,2,383
nation,Scotland,S92000003,2021-02-13,544,191954,542,191573,2,381
nation,Scotland,S92000003,2021-02-12,907,191410,901,191031,6,379
nation,Scotland,S92000003,2021-02-11,847,190503,842,190130,5,373
nation,Scotland,S92000003,2021-02-10,848,189656,843,189288,5,368
nation,Scotland,S92000003,2021-02-09,760,188808,758,188445,2,363
nation,Scotland,S92000003,2021-02-08,992,188048,991,187687,1,361
nation,Scotland,S92000003,2021-02-07,656,187056,654,186696,2,360
nation,Scotland,S92000003,2021-02-06,710,186400,706,186042,4,358
nation,Scotland,S92000003,2021-02-05,940,185690,935,185336,5,354
nation,Scotland,S92000003,2021-02-04,901,184750,899,184401,2,349
nation,Scotland,S92000003,2021-02-03,939,183849,930,183502,9,347
nation,Scotland,S92000003,2021-02-02,1051,182910,1049,182572,2,338
nation,Scotland,S92000003,2021-02-01,1104,181859,1095,181523,9,336
nation,Scotland,S92000003,2021-01-31,810,180755,808,180428,2,327
nation,Scotland,S92000003,2021-01-30,781,179945,779,179620,2,325
nation,Scotland,S92000003,2021-01-29,965,179164,961,178841,4,323
nation,Scotland,S92000003,2021-01-28,1117,178199,1113,177880,4,319
nation,Scotland,S92000003,2021-01-27,1118,177082,1112,176767,6,315
nation,Scotland,S92000003,2021-01-26,1182,175964,1177,175655,5,309
nation,Scotland,S92000003,2021-01-25,1326,174782,1318,174478,8,304
nation,Scotland,S92000003,2021-01-24,862,173456,857,173160,5,296
nation,Scotland,S92000003,2021-01-23,940,172594,936,172303,4,291
nation,Scotland,S92000003,2021-01-22,1231,171654,1228,171367,3,287
nation,Scotland,S92000003,2021-01-21,1244,170423,1240,170139,4,284
nation,Scotland,S92000003,2021-01-20,1582,169179,1572,168899,10,280
nation,Scotland,S92000003,2021-01-19,1554,167597,1546,167327,8,270
nation,Scotland,S92000003,2021-01-18,1744,166043,1735,165781,9,262
nation,Scotland,S92000003,2021-01-17,1201,164299,1199,164046,2,253
nation,Scotland,S92000003,2021-01-16,1178,163098,1176,162847,2,251
nation,Scotland,S92000003,2021-01-15,1538,161920,1535,161671,3,249
nation,Scotland,S92000003,2021-01-14,1629,160382,1620,160136,9,246
nation,Scotland,S92000003,2021-01-13,1716,158753,1712,158516,4,237
nation,Scotland,S92000003,2021-01-12,1991,157037,1977,156804,14,233
nation,Scotland,S92000003,2021-01-11,2092,155046,2088,154827,4,219
nation,Scotland,S92000003,2021-01-10,1425,152954,1423,152739,2,215
nation,Scotland,S92000003,2021-01-09,1499,151529,1497,151316,2,213
nation,Scotland,S92000003,2021-01-08,1826,150030,1823,149819,3,211
nation,Scotland,S92000003,2021-01-07,2201,148204,2196,147996,5,208
nation,Scotland,S92000003,2021-01-06,2550,146003,2543,145800,7,203
nation,Scotland,S92000003,2021-01-05,3054,143453,3050,143257,4,196
nation,Scotland,S92000003,2021-01-04,2383,140399,2375,140207,8,192
nation,Scotland,S92000003,2021-01-03,2221,138016,2218,137832,3,184
nation,Scotland,S92000003,2021-01-02,2213,135795,2211,135614,2,181
nation,Scotland,S92000003,2021-01-01,1161,133582,1159,133403,2,179
nation,Scotland,S92000003,2020-12-31,2379,132421,2374,132244,5,177
nation,Scotland,S92000003,2020-12-30,2974,130042,2963,129870,11,172
nation,Scotland,S92000003,2020-12-29,3137,127068,3130,126907,7,161
nation,Scotland,S92000003,2020-12-28,1809,123931,1804,123777,5,154
nation,Scotland,S92000003,2020-12-27,1682,122122,1681,121973,1,149
nation,Scotland,S92000003,2020-12-26,1050,120440,1050,120292,0,148
nation,Scotland,S92000003,2020-12-25,516,119390,515,119242,1,148
nation,Scotland,S92000003,2020-12-24,1018,118874,1017,118727,1,147
nation,Scotland,S92000003,2020-12-23,1315,117856,1311,117710,4,146
nation,Scotland,S92000003,2020-12-22,1330,116541,1327,116399,3,142
nation,Scotland,S92000003,2020-12-21,1304,115211,1304,115072,0,139
nation,Scotland,S92000003,2020-12-20,813,113907,812,113768,1,139
nation,Scotland,S92000003,2020-12-19,748,113094,748,112956,0,138
nation,Scotland,S92000003,2020-12-18,921,112346,920,112208,1,138
nation,Scotland,S92000003,2020-12-17,913,111425,909,111288,4,137
nation,Scotland,S92000003,2020-12-16,1028,110512,1028,110379,0,133
nation,Scotland,S92000003,2020-12-15,1031,109484,1030,109351,1,133
nation,Scotland,S92000003,2020-12-14,1082,108453,1081,108321,1,132
nation,Scotland,S92000003,2020-12-13,719,107371,719,107240,0,131
nation,Scotland,S92000003,2020-12-12,681,106652,681,106521,0,131
nation,Scotland,S92000003,2020-12-11,875,105971,872,105840,3,131
nation,Scotland,S92000003,2020-12-10,904,105096,902,104968,2,128
nation,Scotland,S92000003,2020-12-09,1015,104192,1008,104066,7,126
nation,Scotland,S92000003,2020-12-08,1048,103177,1046,103058,2,119
nation,Scotland,S92000003,2020-12-07,955,102129,955,102012,0,117
nation,Scotland,S92000003,2020-12-06,643,101174,643,101057,0,117
nation,Scotland,S92000003,2020-12-05,667,100531,666,100414,1,117
nation,Scotland,S92000003,2020-12-04,650,99864,649,99748,1,116
nation,Scotland,S92000003,2020-12-03,807,99214,805,99099,2,115
nation,Scotland,S92000003,2020-12-02,952,98407,951,98294,1,113
nation,Scotland,S92000003,2020-12-01,935,97455,932,97343,3,112
nation,Scotland,S92000003,2020-11-30,976,96520,973,96411,3,109
nation,Scotland,S92000003,2020-11-29,558,95544,558,95438,0,106
nation,Scotland,S92000003,2020-11-28,572,94986,572,94880,0,106
nation,Scotland,S92000003,2020-11-27,738,94414,738,94308,0,106
nation,Scotland,S92000003,2020-11-26,807,93676,804,93570,3,106
nation,Scotland,S92000003,2020-11-25,932,92869,932,92766,0,103
nation,Scotland,S92000003,2020-11-24,996,91937,994,91834,2,103
nation,Scotland,S92000003,2020-11-23,1159,90941,1156,90840,3,101
nation,Scotland,S92000003,2020-11-22,709,89782,709,89684,0,98
nation,Scotland,S92000003,2020-11-21,764,89073,764,88975,0,98
nation,Scotland,S92000003,2020-11-20,861,88309,860,88211,1,98
nation,Scotland,S92000003,2020-11-19,985,87448,984,87351,1,97
nation,Scotland,S92000003,2020-11-18,1115,86463,1113,86367,2,96
nation,Scotland,S92000003,2020-11-17,1227,85348,1225,85254,2,94
nation,Scotland,S92000003,2020-11-16,1278,84121,1277,84029,1,92
nation,Scotland,S92000003,2020-11-15,818,82843,817,82752,1,91
nation,Scotland,S92000003,2020-11-14,905,82025,903,81935,2,90
nation,Scotland,S92000003,2020-11-13,1055,81120,1054,81032,1,88
nation,Scotland,S92000003,2020-11-12,1196,80065,1195,79978,1,87
nation,Scotland,S92000003,2020-11-11,1249,78869,1247,78783,2,86
nation,Scotland,S92000003,2020-11-10,1289,77620,1287,77536,2,84
nation,Scotland,S92000003,2020-11-09,1296,76331,1296,76249,0,82
nation,Scotland,S92000003,2020-11-08,874,75035,873,74953,1,82
nation,Scotland,S92000003,2020-11-07,842,74161,842,74080,0,81
nation,Scotland,S92000003,2020-11-06,1136,73319,1134,73238,2,81
nation,Scotland,S92000003,2020-11-05,1298,72183,1295,72104,3,79
nation,Scotland,S92000003,2020-11-04,1302,70885,1301,70809,1,76
nation,Scotland,S92000003,2020-11-03,1392,69583,1392,69508,0,75
nation,Scotland,S92000003,2020-11-02,1476,68191,1474,68116,2,75
nation,Scotland,S92000003,2020-11-01,969,66715,969,66642,0,73
nation,Scotland,S92000003,2020-10-31,742,65746,742,65673,0,73
nation,Scotland,S92000003,2020-10-30,1089,65004,1088,64931,1,73
nation,Scotland,S92000003,2020-10-29,1100,63915,1098,63843,2,72
nation,Scotland,S92000003,2020-10-28,1267,62815,1266,62745,1,70
nation,Scotland,S92000003,2020-10-27,1307,61548,1305,61479,2,69
nation,Scotland,S92000003,2020-10-26,1345,60241,1345,60174,0,67
nation,Scotland,S92000003,2020-10-25,941,58896,939,58829,2,67
nation,Scotland,S92000003,2020-10-24,953,57955,953,57890,0,65
nation,Scotland,S92000003,2020-10-23,1282,57002,1280,56937,2,65
nation,Scotland,S92000003,2020-10-22,1493,55720,1491,55657,2,63
nation,Scotland,S92000003,2020-10-21,1579,54227,1579,54166,0,61
nation,Scotland,S92000003,2020-10-20,1690,52648,1690,52587,0,61
nation,Scotland,S92000003,2020-10-19,1359,50958,1359,50897,0,61
nation,Scotland,S92000003,2020-10-18,834,49599,833,49538,1,61
nation,Scotland,S92000003,2020-10-17,855,48765,855,48705,0,60
nation,Scotland,S92000003,2020-10-16,1254,47910,1252,47850,2,60
nation,Scotland,S92000003,2020-10-15,1294,46656,1292,46598,2,58
nation,Scotland,S92000003,2020-10-14,1297,45362,1292,45306,5,56
nation,Scotland,S92000003,2020-10-13,1421,44065,1421,44014,0,51
nation,Scotland,S92000003,2020-10-12,1355,42644,1354,42593,1,51
nation,Scotland,S92000003,2020-10-11,960,41289,959,41239,1,50
nation,Scotland,S92000003,2020-10-10,942,40329,941,40280,1,49
nation,Scotland,S92000003,2020-10-09,1095,39387,1093,39339,2,48
nation,Scotland,S92000003,2020-10-08,1171,38292,1169,38246,2,46
nation,Scotland,S92000003,2020-10-07,1253,37121,1253,37077,0,44
nation,Scotland,S92000003,2020-10-06,1192,35868,1190,35824,2,44
nation,Scotland,S92000003,2020-10-05,1099,34676,1099,34634,0,42
nation,Scotland,S92000003,2020-10-04,742,33577,742,33535,0,42
nation,Scotland,S92000003,2020-10-03,695,32835,695,32793,0,42
nation,Scotland,S92000003,2020-10-02,818,32140,817,32098,1,42
nation,Scotland,S92000003,2020-10-01,778,31322,778,31281,0,41
nation,Scotland,S92000003,2020-09-30,794,30544,794,30503,0,41
nation,Scotland,S92000003,2020-09-29,659,29750,658,29709,1,41
nation,Scotland,S92000003,2020-09-28,624,29091,623,29051,1,40
nation,Scotland,S92000003,2020-09-27,358,28467,358,28428,0,39
nation,Scotland,S92000003,2020-09-26,434,28109,434,28070,0,39
nation,Scotland,S92000003,2020-09-25,579,27675,578,27636,1,39
nation,Scotland,S92000003,2020-09-24,715,27096,715,27058,0,38
nation,Scotland,S92000003,2020-09-23,568,26381,567,26343,1,38
nation,Scotland,S92000003,2020-09-22,493,25813,493,25776,0,37
nation,Scotland,S92000003,2020-09-21,455,25320,454,25283,1,37
nation,Scotland,S92000003,2020-09-20,315,24865,315,24829,0,36
nation,Scotland,S92000003,2020-09-19,232,24550,232,24514,0,36
nation,Scotland,S92000003,2020-09-18,269,24318,269,24282,0,36
nation,Scotland,S92000003,2020-09-17,254,24049,254,24013,0,36
nation,Scotland,S92000003,2020-09-16,269,23795,268,23759,1,36
nation,Scotland,S92000003,2020-09-15,227,23526,227,23491,0,35
nation,Scotland,S92000003,2020-09-14,177,23299,177,23264,0,35
nation,Scotland,S92000003,2020-09-13,168,23122,166,23087,2,35
nation,Scotland,S92000003,2020-09-12,208,22954,207,22921,1,33
nation,Scotland,S92000003,2020-09-11,210,22746,209,22714,1,32
nation,Scotland,S92000003,2020-09-10,216,22536,216,22505,0,31
nation,Scotland,S92000003,2020-09-09,222,22320,222,22289,0,31
nation,Scotland,S92000003,2020-09-08,104,22098,102,22067,2,31
nation,Scotland,S92000003,2020-09-07,168,21994,167,21965,1,29
nation,Scotland,S92000003,2020-09-06,153,21826,153,21798,0,28
nation,Scotland,S92000003,2020-09-05,136,21673,136,21645,0,28
nation,Scotland,S92000003,2020-09-04,171,21537,171,21509,0,28
nation,Scotland,S92000003,2020-09-03,201,21366,201,21338,0,28
nation,Scotland,S92000003,2020-09-02,192,21165,191,21137,1,28
nation,Scotland,S92000003,2020-09-01,199,20973,199,20946,0,27
nation,Scotland,S92000003,2020-08-31,144,20774,144,20747,0,27
nation,Scotland,S92000003,2020-08-30,102,20630,102,20603,0,27
nation,Scotland,S92000003,2020-08-29,95,20528,95,20501,0,27
nation,Scotland,S92000003,2020-08-28,104,20433,104,20406,0,27
nation,Scotland,S92000003,2020-08-27,100,20329,99,20302,1,27
nation,Scotland,S92000003,2020-08-26,98,20229,97,20203,1,26
nation,Scotland,S92000003,2020-08-25,71,20131,69,20106,2,25
nation,Scotland,S92000003,2020-08-24,60,20060,60,20037,0,23
nation,Scotland,S92000003,2020-08-23,65,20000,65,19977,0,23
nation,Scotland,S92000003,2020-08-22,47,19935,47,19912,0,23
nation,Scotland,S92000003,2020-08-21,90,19888,90,19865,0,23
nation,Scotland,S92000003,2020-08-20,141,19798,140,19775,1,23
nation,Scotland,S92000003,2020-08-19,91,19657,91,19635,0,22
nation,Scotland,S92000003,2020-08-18,78,19566,77,19544,1,22
nation,Scotland,S92000003,2020-08-17,72,19488,72,19467,0,21
nation,Scotland,S92000003,2020-08-16,30,19416,30,19395,0,21
nation,Scotland,S92000003,2020-08-15,21,19386,20,19365,1,21
nation,Scotland,S92000003,2020-08-14,51,19365,50,19345,1,20
nation,Scotland,S92000003,2020-08-13,53,19314,52,19295,1,19
nation,Scotland,S92000003,2020-08-12,48,19261,48,19243,0,18
nation,Scotland,S92000003,2020-08-11,65,19213,64,19195,1,18
nation,Scotland,S92000003,2020-08-10,58,19148,57,19131,1,17
nation,Scotland,S92000003,2020-08-09,26,19090,26,19074,0,16
nation,Scotland,S92000003,2020-08-08,27,19064,27,19048,0,16
nation,Scotland,S92000003,2020-08-07,46,19037,46,19021,0,16
nation,Scotland,S92000003,2020-08-06,63,18991,62,18975,1,16
nation,Scotland,S92000003,2020-08-05,65,18928,64,18913,1,15
nation,Scotland,S92000003,2020-08-04,57,18863,57,18849,0,14
nation,Scotland,S92000003,2020-08-03,60,18806,60,18792,0,14
nation,Scotland,S92000003,2020-08-02,19,18746,19,18732,0,14
nation,Scotland,S92000003,2020-08-01,23,18727,22,18713,1,14
nation,Scotland,S92000003,2020-07-31,21,18704,21,18691,0,13
nation,Scotland,S92000003,2020-07-30,28,18683,27,18670,1,13
nation,Scotland,S92000003,2020-07-29,30,18655,28,18643,2,12
nation,Scotland,S92000003,2020-07-28,24,18625,22,18615,2,10
nation,Scotland,S92000003,2020-07-27,13,18601,13,18593,0,8
nation,Scotland,S92000003,2020-07-26,7,18588,7,18580,0,8
nation,Scotland,S92000003,2020-07-25,3,18581,3,18573,0,8
nation,Scotland,S92000003,2020-07-24,11,18578,11,18570,0,8
nation,Scotland,S92000003,2020-07-23,23,18567,23,18559,0,8
nation,Scotland,S92000003,2020-07-22,18,18544,16,18536,2,8
nation,Scotland,S92000003,2020-07-21,19,18526,19,18520,0,6
nation,Scotland,S92000003,2020-07-20,14,18507,13,18501,1,6
nation,Scotland,S92000003,2020-07-19,17,18493,17,18488,0,5
nation,Scotland,S92000003,2020-07-18,14,18476,13,18471,1,5
nation,Scotland,S92000003,2020-07-17,8,18462,8,18458,0,4
nation,Scotland,S92000003,2020-07-16,22,18454,21,18450,1,4
nation,Scotland,S92000003,2020-07-15,16,18432,16,18429,0,3
nation,Scotland,S92000003,2020-07-14,10,18416,10,18413,0,3
nation,Scotland,S92000003,2020-07-13,19,18406,18,18403,1,3
nation,Scotland,S92000003,2020-07-12,2,18387,2,18385,0,2
nation,Scotland,S92000003,2020-07-11,9,18385,9,18383,0,2
nation,Scotland,S92000003,2020-07-10,12,18376,12,18374,0,2
nation,Scotland,S92000003,2020-07-09,8,18364,8,18362,0,2
nation,Scotland,S92000003,2020-07-08,10,18356,10,18354,0,2
nation,Scotland,S92000003,2020-07-07,11,18346,11,18344,0,2
nation,Scotland,S92000003,2020-07-06,8,18335,8,18333,0,2
nation,Scotland,S92000003,2020-07-05,2,18327,2,18325,0,2
nation,Scotland,S92000003,2020-07-04,5,18325,5,18323,0,2
nation,Scotland,S92000003,2020-07-03,7,18320,6,18318,1,2
nation,Scotland,S92000003,2020-07-02,13,18313,13,18312,0,1
nation,Scotland,S92000003,2020-07-01,11,18300,11,18299,0,1
nation,Scotland,S92000003,2020-06-30,8,18289,8,18288,0,1
nation,Scotland,S92000003,2020-06-29,14,18281,14,18280,0,1
nation,Scotland,S92000003,2020-06-28,3,18267,3,18266,0,1
nation,Scotland,S92000003,2020-06-27,4,18264,4,18263,0,1
nation,Scotland,S92000003,2020-06-26,6,18260,6,18259,0,1
nation,Scotland,S92000003,2020-06-25,19,18254,19,18253,0,1
nation,Scotland,S92000003,2020-06-24,8,18235,8,18234,0,1
nation,Scotland,S92000003,2020-06-23,20,18227,20,18226,0,1
nation,Scotland,S92000003,2020-06-22,10,18207,10,18206,0,1
nation,Scotland,S92000003,2020-06-21,9,18197,9,18196,0,1
nation,Scotland,S92000003,2020-06-20,6,18188,6,18187,0,1
nation,Scotland,S92000003,2020-06-19,24,18182,24,18181,0,1
nation,Scotland,S92000003,2020-06-18,14,18158,14,18157,0,1
nation,Scotland,S92000003,2020-06-17,33,18144,33,18143,0,1
nation,Scotland,S92000003,2020-06-16,17,18111,17,18110,0,1
nation,Scotland,S92000003,2020-06-15,21,18094,21,18093,0,1
nation,Scotland,S92000003,2020-06-14,13,18073,13,18072,0,1
nation,Scotland,S92000003,2020-06-13,22,18060,22,18059,0,1
nation,Scotland,S92000003,2020-06-12,30,18038,30,18037,0,1
nation,Scotland,S92000003,2020-06-11,22,18008,21,18007,1,1
nation,Scotland,S92000003,2020-06-10,29,17986,29,17986,,
nation,Scotland,S92000003,2020-06-09,27,17957,27,17957,,
nation,Scotland,S92000003,2020-06-08,18,17930,18,17930,,
nation,Scotland,S92000003,2020-06-07,17,17912,17,17912,,
nation,Scotland,S92000003,2020-06-06,22,17895,22,17895,,
nation,Scotland,S92000003,2020-06-05,24,17873,24,17873,,
nation,Scotland,S92000003,2020-06-04,35,17849,35,17849,,
nation,Scotland,S92000003,2020-06-03,34,17814,34,17814,,
nation,Scotland,S92000003,2020-06-02,46,17780,46,17780,,
nation,Scotland,S92000003,2020-06-01,38,17734,38,17734,,
nation,Scotland,S92000003,2020-05-31,23,17696,23,17696,,
nation,Scotland,S92000003,2020-05-30,40,17673,40,17673,,
nation,Scotland,S92000003,2020-05-29,30,17633,30,17633,,
nation,Scotland,S92000003,2020-05-28,55,17603,55,17603,,
nation,Scotland,S92000003,2020-05-27,66,17548,66,17548,,
nation,Scotland,S92000003,2020-05-26,478,17482,478,17482,,
nation,Scotland,S92000003,2020-05-25,96,17004,96,17004,,
nation,Scotland,S92000003,2020-05-24,53,16908,53,16908,,
nation,Scotland,S92000003,2020-05-23,50,16855,50,16855,,
nation,Scotland,S92000003,2020-05-22,91,16805,91,16805,,
nation,Scotland,S92000003,2020-05-21,111,16714,111,16714,,
nation,Scotland,S92000003,2020-05-20,121,16603,121,16603,,
nation,Scotland,S92000003,2020-05-19,182,16482,182,16482,,
nation,Scotland,S92000003,2020-05-18,141,16300,141,16300,,
nation,Scotland,S92000003,2020-05-17,93,16159,93,16159,,
nation,Scotland,S92000003,2020-05-16,103,16066,103,16066,,
nation,Scotland,S92000003,2020-05-15,151,15963,151,15963,,
nation,Scotland,S92000003,2020-05-14,211,15812,211,15812,,
nation,Scotland,S92000003,2020-05-13,198,15601,198,15601,,
nation,Scotland,S92000003,2020-05-12,230,15403,230,15403,,
nation,Scotland,S92000003,2020-05-11,265,15173,265,15173,,
nation,Scotland,S92000003,2020-05-10,153,14908,153,14908,,
nation,Scotland,S92000003,2020-05-09,180,14755,180,14755,,
nation,Scotland,S92000003,2020-05-08,258,14575,258,14575,,
nation,Scotland,S92000003,2020-05-07,297,14317,297,14317,,
nation,Scotland,S92000003,2020-05-06,307,14020,307,14020,,
nation,Scotland,S92000003,2020-05-05,288,13713,288,13713,,
nation,Scotland,S92000003,2020-05-04,329,13425,329,13425,,
nation,Scotland,S92000003,2020-05-03,188,13096,188,13096,,
nation,Scotland,S92000003,2020-05-02,222,12908,222,12908,,
nation,Scotland,S92000003,2020-05-01,375,12686,375,12686,,
nation,Scotland,S92000003,2020-04-30,337,12311,337,12311,,
nation,Scotland,S92000003,2020-04-29,431,11974,431,11974,,
nation,Scotland,S92000003,2020-04-28,383,11543,383,11543,,
nation,Scotland,S92000003,2020-04-27,434,11160,434,11160,,
nation,Scotland,S92000003,2020-04-26,171,10726,171,10726,,
nation,Scotland,S92000003,2020-04-25,184,10555,184,10555,,
nation,Scotland,S92000003,2020-04-24,306,10371,306,10371,,
nation,Scotland,S92000003,2020-04-23,314,10065,314,10065,,
nation,Scotland,S92000003,2020-04-22,340,9751,340,9751,,
nation,Scotland,S92000003,2020-04-21,400,9411,400,9411,,
nation,Scotland,S92000003,2020-04-20,348,9011,348,9011,,
nation,Scotland,S92000003,2020-04-19,159,8663,159,8663,,
nation,Scotland,S92000003,2020-04-18,264,8504,264,8504,,
nation,Scotland,S92000003,2020-04-17,394,8240,394,8240,,
nation,Scotland,S92000003,2020-04-16,428,7846,428,7846,,
nation,Scotland,S92000003,2020-04-15,331,7418,331,7418,,
nation,Scotland,S92000003,2020-04-14,346,7087,346,7087,,
nation,Scotland,S92000003,2020-04-13,359,6741,359,6741,,
nation,Scotland,S92000003,2020-04-12,220,6382,220,6382,,
nation,Scotland,S92000003,2020-04-11,185,6162,185,6162,,
nation,Scotland,S92000003,2020-04-10,329,5977,329,5977,,
nation,Scotland,S92000003,2020-04-09,304,5648,304,5648,,
nation,Scotland,S92000003,2020-04-08,343,5344,343,5344,,
nation,Scotland,S92000003,2020-04-07,352,5001,352,5001,,
nation,Scotland,S92000003,2020-04-06,404,4649,404,4649,,
nation,Scotland,S92000003,2020-04-05,225,4245,225,4245,,
nation,Scotland,S92000003,2020-04-04,261,4020,261,4020,,
nation,Scotland,S92000003,2020-04-03,381,3759,381,3759,,
nation,Scotland,S92000003,2020-04-02,351,3378,351,3378,,
nation,Scotland,S92000003,2020-04-01,389,3027,389,3027,,
nation,Scotland,S92000003,2020-03-31,341,2638,341,2638,,
nation,Scotland,S92000003,2020-03-30,317,2297,317,2297,,
nation,Scotland,S92000003,2020-03-29,197,1980,197,1980,,
nation,Scotland,S92000003,2020-03-28,204,1783,204,1783,,
nation,Scotland,S92000003,2020-03-27,274,1579,274,1579,,
nation,Scotland,S92000003,2020-03-26,223,1305,223,1305,,
nation,Scotland,S92000003,2020-03-25,188,1082,188,1082,,
nation,Scotland,S92000003,2020-03-24,167,894,167,894,,
nation,Scotland,S92000003,2020-03-23,138,727,138,727,,
nation,Scotland,S92000003,2020-03-22,74,589,74,589,,
nation,Scotland,S92000003,2020-03-21,67,515,67,515,,
nation,Scotland,S92000003,2020-03-20,84,448,84,448,,
nation,Scotland,S92000003,2020-03-19,50,364,50,364,,
nation,Scotland,S92000003,2020-03-18,41,314,41,314,,
nation,Scotland,S92000003,2020-03-17,43,273,43,273,,
nation,Scotland,S92000003,2020-03-16,21,230,21,230,,
nation,Scotland,S92000003,2020-03-15,12,209,12,209,,
nation,Scotland,S92000003,2020-03-14,19,197,19,197,,
nation,Scotland,S92000003,2020-03-13,48,178,48,178,,
nation,Scotland,S92000003,2020-03-12,38,130,38,130,,
nation,Scotland,S92000003,2020-03-11,25,92,25,92,,
nation,Scotland,S92000003,2020-03-10,21,67,21,67,,
nation,Scotland,S92000003,2020-03-09,16,46,16,46,,
nation,Scotland,S92000003,2020-03-08,3,30,3,30,,
nation,Scotland,S92000003,2020-03-07,6,27,6,27,,
nation,Scotland,S92000003,2020-03-06,6,21,6,21,,
nation,Scotland,S92000003,2020-03-05,2,15,2,15,,
nation,Scotland,S92000003,2020-03-04,6,13,6,13,,
nation,Scotland,S92000003,2020-03-03,3,7,3,7,,
nation,Scotland,S92000003,2020-03-02,1,4,1,4,,
nation,Scotland,S92000003,2020-03-01,2,3,2,3,,
nation,Scotland,S92000003,2020-02-29,0,1,0,1,,
nation,Scotland,S92000003,2020-02-28,1,1,1,1,,
