code,0_4,5_11,12_15,16_17,18_24,25_29,30_34,35_39,40_44,45_49,50_54,55_59,60_64,65_69,70_74,75_79,80_84,85_89,90_999,total
E06000047,25658,42021,23598,10702,50066,34101,30856,31195,28450,32439,38266,39370,34845,31052,31144,21669,15151,8446,4120,533149
E06000005,5692,9229,5201,2511,7293,6341,6669,6562,6412,7069,7776,7731,6785,5818,5992,4132,3226,1932,1031,107402
E06000001,5147,8221,4627,2113,7083,6122,6163,5671,5055,5635,6594,7003,6031,5172,5051,3154,2582,1564,848,93836
E06000002,9431,13531,6993,3174,14181,11124,10063,8639,7294,7920,8380,9136,8205,6772,6107,4246,3274,1931,884,141285
E06000057,14506,23645,13917,6733,20064,16286,17121,17553,17743,20041,23477,26299,25067,22490,22858,15486,10638,6336,3560,323820
E06000003,6954,11435,6316,2902,9579,8183,8208,7697,6999,8072,9849,10374,9372,8187,8589,6175,4500,2472,1365,137228
E06000004,11077,18239,10094,4611,12937,12792,13244,13214,11612,12338,13965,14046,12302,10498,9989,6732,5018,3121,1590,197419
E08000037,10174,16082,8712,4233,16464,13644,13861,13772,12190,12486,13813,14159,12457,10339,10709,7495,5974,3595,1791,201950
E08000021,16383,24152,12570,5817,53526,29941,23347,18107,15337,15661,16174,16522,15133,12157,11759,7639,6226,4042,2331,306824
E08000022,11256,16842,9561,4358,13730,11911,13416,14206,13476,13997,14729,15313,13427,12029,11730,7642,5778,3534,1936,208871
E08000023,8130,12225,6726,3174,10877,9531,10033,9276,8347,9169,10827,11537,10467,8768,8400,5455,4313,2542,1336,151133
E08000024,14370,22347,12348,5900,22080,19843,18907,16491,15176,17196,19209,20173,18597,15897,15179,10074,7781,4494,1784,277846
E06000008,10307,15513,8698,4135,12959,9896,10132,10646,9199,9660,10004,9131,7764,6579,6234,3923,2944,1579,727,150030
E06000009,7995,11765,6323,3027,10371,8477,8476,7622,7308,8706,10440,10499,8939,7405,7769,5584,4068,2314,1293,138381
E06000049,20193,31284,18062,8529,23176,19540,20366,21955,22530,26892,29967,29999,25026,22549,24342,17660,12485,7464,4648,386667
E06000050,18059,28069,15782,7268,25402,19648,19378,20166,19529,22868,25221,25609,21909,19558,20588,14620,10475,6083,3591,343823
E06000006,7374,11888,6692,2891,9491,8181,8383,8385,7702,8548,8847,9083,8189,7453,7045,4222,2886,1707,792,129759
E06000007,11267,18218,9947,4745,14311,12328,13356,13686,12944,14693,15980,15569,12301,10637,10883,8069,5788,3094,1581,209397
E07000026,4395,7417,4243,1988,6294,5215,5025,5166,5032,6241,7735,7679,7008,6412,6707,4686,3363,1986,1239,97831
E07000027,3553,5154,3016,1375,4976,4134,4037,3735,3419,4230,5129,5022,4337,3864,4040,3041,2059,1022,583,66726
E07000028,5614,8833,4786,2329,7504,6334,5996,6501,5978,7040,7896,8171,7489,6458,6519,4552,3379,2025,1120,108524
E07000029,3260,5219,2939,1415,4428,3851,3826,3709,3545,4302,5252,5587,5085,4338,4279,3017,2178,1191,620,68041
E07000030,2147,3684,2235,1069,3086,2574,2488,2565,2652,3344,4342,4648,4271,4022,3947,2770,2011,1145,754,53754
E07000031,4049,6827,4515,2311,6441,4542,4320,5149,5227,6566,8057,8728,8078,7416,8373,5877,4258,2602,1569,104905
E08000001,18984,28070,14961,6916,22347,18414,19699,18783,17109,18682,20046,18567,15614,13558,14027,9885,6765,3751,2070,288248
E08000002,11454,17543,9700,4483,13547,12067,12960,12696,11320,12547,13544,12947,10846,9165,9841,6836,4855,2748,1609,190708
E08000003,36158,50639,25734,11341,85716,64937,53258,41921,32353,28195,28639,25275,20018,15897,13498,9077,6762,3935,2388,555741
E08000004,16184,23792,13291,6183,19832,15854,16377,15814,13995,14807,15867,14803,12412,10597,10513,7560,5253,2857,1637,237628
E08000005,14978,21857,11724,5287,17470,15131,15954,14840,13383,14176,15250,14210,12472,10700,10111,6878,4780,2807,1651,223659
E08000006,17687,23498,11997,5260,26984,24125,23056,20309,15421,14635,15617,14998,12485,9926,10065,6936,5146,2802,1750,262697
E08000007,16966,26101,14319,6517,18762,17081,18801,19522,18818,19616,20684,20455,17622,15167,15584,11318,8521,5359,2984,294197
E08000008,14117,20909,10955,4975,16726,14895,15698,14912,13436,14662,16543,16181,13132,11041,11329,7872,5394,2897,1443,227117
E08000009,14063,23419,13213,5931,15056,12516,14382,17187,17205,17084,16916,16149,13015,10810,10673,7773,6000,3783,2404,237579
E08000010,18085,28078,15859,7362,23667,20415,21991,21484,19348,22567,25480,23680,19276,17118,18464,13142,8247,4211,2238,330712
E07000117,5850,8429,4566,2034,6507,5817,5957,5582,5218,5307,6050,5940,5289,4568,4850,3224,2112,1207,837,89344
E07000118,6161,10093,5599,2580,7615,6751,7762,7738,7390,8612,8878,8698,7130,6527,6966,4795,3075,1668,832,118870
E07000119,3286,5792,3569,1566,4485,3671,3861,4214,4145,5025,6187,6694,6094,5478,6160,4542,3235,2044,1163,81211
E07000120,5119,7633,4100,1921,6313,5143,5285,5121,4569,5148,5780,5366,4631,3946,4274,3048,2026,1144,566,81133
E07000121,7212,11416,6277,2893,20706,11217,8089,7643,7334,8003,9479,9713,8702,7696,7982,5703,4152,2436,1466,148119
E07000122,6031,8894,4603,1994,6520,5512,6295,6365,5440,5697,6014,5915,5473,4896,4910,3316,2163,1344,763,92145
E07000123,9175,13359,7077,3261,16961,11611,10010,9091,8396,8537,9103,8973,7323,6042,5533,3920,3028,1870,877,144147
E07000124,2601,4755,3063,1550,4104,2938,3088,3023,3324,4248,4993,5197,4430,3754,4101,2881,1994,1212,770,62026
E07000125,3874,6459,3667,1589,4759,4116,4526,4451,4435,4963,5592,5136,4316,3951,3967,2471,1600,986,574,71432
E07000126,5602,9266,5190,2421,7520,6333,6802,6602,6274,7676,8180,8272,6983,6258,6765,4694,3337,1846,1065,111086
E07000127,5438,9071,5257,2488,12014,6636,5892,5442,5519,7186,8206,8453,7398,6541,6953,5175,3628,2024,1175,114496
E07000128,4824,8036,4978,2365,6802,5866,5661,5728,5491,6672,8223,8761,8129,7875,8551,6341,4601,2644,1519,113067
E08000011,10089,13803,7277,3268,12031,10692,10931,9501,7946,8836,10175,11384,10100,8116,6809,4474,3661,2198,1161,152452
E08000012,28836,39100,19606,9202,69475,45279,40517,34607,28323,26480,29039,29908,26303,21784,19564,12882,10273,6182,3114,500474
E08000014,13789,22208,12252,5849,18372,15136,15847,15549,14284,16912,19391,21403,19444,16949,16649,12439,9701,6306,3419,275899
E08000013,9879,15007,8222,3785,12904,11723,12055,11280,10012,12003,12797,13011,11097,10022,10439,7403,5296,2881,1279,181095
E08000015,17149,27508,15486,7288,22226,18325,19279,18837,18305,20487,22933,24045,21179,19198,19074,13560,9875,6057,3525,324336
E06000011,15148,25824,15129,7277,20014,15751,16393,17457,18325,22697,26155,27490,24910,23523,25872,17292,12766,7414,3764,343201
E06000010,16575,23702,11957,5351,26387,21262,20807,17435,14408,15441,16049,16364,13951,11608,10934,6887,5405,3114,1489,259126
E06000012,8863,14261,7852,3484,10944,9638,10627,9414,8363,9960,11111,11548,10041,8853,8873,6219,4724,2972,1617,159364
E06000013,8785,14611,8472,3809,11239,9805,10617,10520,9542,10751,12771,13018,11514,10335,10224,7116,4963,2955,1701,172748
E06000014,9329,15002,8377,3894,31836,16528,14086,12486,11363,12211,12998,12985,11043,9763,10361,7349,5797,3473,2131,211012
E07000163,2424,4024,2452,1213,3273,2511,2674,2752,2864,3624,4526,4650,4433,4161,4198,3170,2124,1400,865,57338
E07000164,3924,6738,3918,1886,5227,4349,4693,4608,4604,5670,7168,7856,6703,6366,6691,4839,3562,2072,1058,91932
E07000165,7443,12999,8019,4689,8451,6941,8015,8942,9457,11227,12860,12951,11094,9601,10129,7354,5577,3494,2302,161545
E07000166,2486,4104,2114,1116,4026,3351,3928,3252,2760,3265,3864,4064,3712,3191,3246,2263,1599,920,471,53732
E07000167,2326,3937,2396,1151,3365,2608,2605,2732,2582,3557,4223,4681,4231,4013,4116,2992,2079,1329,706,55629
E07000168,4931,7896,4465,2168,6569,5523,5708,5197,5012,6394,7564,8728,8378,7914,8352,5906,4203,2459,1370,108737
E07000169,4953,7668,4213,2017,5472,5251,5785,5627,5389,6199,7104,7169,5984,5282,5375,3628,2412,1426,743,91697
E08000016,13926,20945,11463,5287,17385,16260,16253,15914,13621,16118,18538,17852,15849,13569,13327,9656,6358,3702,2048,248071
E08000017,17957,27521,15103,6781,21843,20370,21387,20582,17897,19729,21811,21906,19574,16895,16216,11474,8312,4883,2544,312785
E08000018,15195,23387,12852,6019,19152,16610,17056,16696,14586,17020,19109,18542,16372,14034,14121,10635,7375,4045,2178,264984
E08000019,31777,47693,26646,12282,79070,53047,42053,35135,32890,34020,37227,33881,28779,24500,24484,18633,13936,8510,4651,589214
E08000032,37964,57662,32129,14864,46281,33210,36174,37785,34504,34974,33962,32135,28670,23841,21748,14113,11324,7012,3776,542128
E08000033,11655,18887,10504,4905,14888,12325,12794,13129,13088,14502,15876,15447,13216,11206,11326,7731,5187,3029,1744,211439
E08000034,26020,40824,22541,10635,36587,27501,28441,28603,27177,29223,31214,28680,24850,21592,21849,14986,10826,6125,3616,441290
E08000035,48733,70213,35474,16161,103579,69664,54378,52024,46160,46317,47988,45933,38378,33075,33455,23032,17942,10843,5437,798786
E08000036,21103,30347,16084,7452,23959,23116,24381,23259,20050,22975,25906,24586,21413,18337,18483,13190,8947,5142,2862,351592
E06000015,15795,24555,13251,6090,25071,18072,18168,16702,15098,15784,16949,15944,12974,10825,10909,8046,6208,4001,2372,256814
E06000016,23697,34304,17871,8197,51161,31848,26023,23849,20801,19325,18687,18428,16243,13624,11047,7274,5727,3657,2273,354036
E06000018,19700,28250,14667,6668,68402,32935,23986,20153,17669,17262,17849,16679,13753,11550,10124,6755,5238,3378,2080,337098
E06000017,1776,2818,2084,1172,2218,2183,2076,2190,2338,2608,3004,2984,2680,2535,2846,2096,1418,881,569,40476
E07000032,6259,9800,5525,2604,8489,7748,7298,7426,7337,8905,10173,9901,8517,7698,8276,5778,3653,2098,1344,128829
E07000033,4295,6437,3638,1677,5830,5140,5105,5027,4524,5492,6572,5939,5212,4538,4492,3424,2098,1214,651,81305
E07000034,5194,8122,4493,2065,7424,6783,6441,6362,5911,7019,8069,7719,6817,6042,6129,4426,3025,1823,1066,104930
E07000035,2666,4859,3134,1602,4211,3294,3192,3212,3565,4827,6072,6259,5603,5265,5555,3968,2671,1603,864,72422
E07000036,5768,9552,5172,2458,7855,7197,7624,6835,6604,7901,9019,8674,6864,6104,6381,4664,3344,2118,1198,115332
E07000037,4464,6992,4160,1980,6067,5341,5354,5384,5067,6246,7472,7623,6510,5581,5650,3906,2517,1491,828,92633
E07000038,4719,7641,4332,2034,6503,5779,5618,5481,5463,6692,7719,7721,7116,6557,7024,5380,3533,1978,926,102216
E07000039,5955,9241,5362,2557,7498,6768,7319,7242,6833,7846,8591,7838,6378,5760,5680,3888,2457,1506,797,109516
E07000129,5642,8728,5026,2301,6600,5690,6776,6712,6166,6779,7382,7275,6076,5317,5717,4130,2930,1761,942,101950
E07000130,9554,14524,7886,4012,24831,14517,11143,11652,10287,11375,12279,11953,10221,9335,9154,6676,4568,2830,1619,188416
E07000131,4619,7910,4832,2315,5671,4804,4998,5229,5771,7007,7772,7460,6151,5443,5854,4123,2900,1708,970,95537
E07000132,5815,9251,5173,2463,7091,6539,6779,6815,6741,7723,8634,8299,7177,6702,7117,5022,3333,1871,1121,113666
E07000133,2438,4111,2361,1137,3169,2562,2570,2712,2774,3374,4310,4288,3539,3358,3329,2324,1554,949,535,51394
E07000134,5565,8568,4859,2432,7262,6066,6416,6457,6177,7663,8196,7667,6372,5791,6114,4200,2634,1461,909,104809
E07000135,2880,4903,2762,1276,5680,3187,2886,3481,3203,3539,3835,3961,3346,2959,2997,2370,1892,1295,861,57313
E07000136,4089,6507,3092,1347,4849,4423,4838,4741,4065,4320,4640,4788,4291,4006,4033,2896,1985,1216,711,70837
E07000137,6010,9909,5691,2729,7849,6222,6627,6256,6146,8146,10045,11633,11608,11458,12370,8802,5600,3216,1713,142030
E07000138,5310,7470,3690,1737,19772,7873,6589,6087,5053,5105,5509,5819,4719,4156,4027,2777,2066,1388,902,100049
E07000139,5718,9614,5210,2474,7211,6506,6943,6992,6611,7757,8960,8891,7394,6862,7707,5873,4145,2177,1104,118149
E07000140,5037,7823,4064,1912,6013,4931,5769,5400,5299,6233,6777,7093,6214,5905,6414,4577,3311,1980,1105,95857
E07000141,7114,12108,7018,3227,8243,6820,7638,8131,8291,9768,10678,10975,9658,8802,9393,6710,4418,2625,1608,143225
E07000142,4520,7576,4310,2026,5813,4915,4948,4993,4972,6015,7245,7728,6885,6467,6879,4960,3181,1802,951,96186
E07000150,5014,7752,3766,1670,4887,4615,5495,6020,4905,4549,4943,4959,3999,3294,2859,1914,1331,715,366,73053
E07000151,4696,7354,4203,1956,5385,4688,5008,5030,5117,6155,6931,6788,5656,5050,5205,3509,2218,1278,724,86951
E07000152,4986,7875,5002,2426,6116,4866,5222,5408,5647,6849,7576,7040,5857,5537,5826,3888,2533,1500,949,95103
E07000153,6168,9602,5191,2366,6729,6082,6482,6652,6582,7285,7375,6988,5503,5171,5510,3746,2472,1407,900,102211
E07000154,15437,22439,11422,4916,19088,14059,15363,16551,15042,15075,14536,13962,11378,9806,9710,6535,4534,2818,1619,224290
E07000155,4947,8391,4735,2237,5652,4778,5445,5522,5945,7053,7683,7422,6079,5212,5889,3828,2398,1432,844,95492
E07000156,4726,7739,4112,1959,5333,4212,4690,5189,4845,5563,5878,5433,4713,4368,4525,3049,1931,1163,653,80081
E07000170,7073,11200,5986,2762,9373,7932,8811,7993,7417,8445,9488,9292,7646,6762,6702,5275,3418,1835,927,128337
E07000171,6209,9746,5299,2574,7768,6752,6496,6644,6529,7827,9027,9164,7829,7053,7363,5280,3487,2091,1142,118280
E07000172,5519,8910,4986,2212,9391,7477,7740,7002,6844,7384,8064,7913,6924,6158,6745,4816,3396,1985,1161,114627
E07000173,5933,9650,5458,2526,7747,7049,7569,7340,7376,8109,8581,8643,7302,6658,6870,4783,3605,2076,964,118239
E07000174,6210,9615,4897,2202,7271,7077,7230,7351,6239,6918,7941,8052,6933,6049,5735,4233,2858,1645,895,109351
E07000175,6200,10191,5628,2592,8309,7176,7064,6855,6783,7988,9298,9268,8195,7280,7734,5502,3744,2101,1219,123127
E07000176,5917,10286,6013,2687,9020,6972,6882,7305,7826,8346,8828,8592,7203,6464,6861,4925,3530,2345,1414,121416
E06000019,8929,14933,8286,3881,11989,10501,11291,10906,10369,11626,14134,14835,13477,12844,13004,9512,6635,4094,2369,193615
E06000051,14788,23835,14510,7160,20382,16700,18049,17607,17359,20968,24571,25659,22611,21224,21875,16293,11161,6671,3992,325415
E06000021,16391,23900,12394,5620,23232,18393,18329,17075,14266,15498,16598,16336,14176,12396,12265,8718,6066,3339,1630,256622
E06000020,10789,17319,9445,4093,14737,11609,11523,12001,10908,12063,13043,12151,9902,9229,8791,6220,4135,2241,1123,181322
E07000192,5412,8129,4603,2155,7214,6677,6976,6676,5766,6919,7909,7458,5964,5301,5349,3942,2698,1457,879,101484
E07000193,7138,10736,5734,2750,8515,7526,7456,7751,7183,7948,8854,8640,7289,6274,6225,4699,3272,1902,1031,120923
E07000194,5147,8146,4721,2269,7009,5734,5794,5830,6085,7195,7878,7888,6579,6130,6929,5754,3522,1928,1099,105637
E07000195,5872,9463,5560,2629,13792,9070,8367,7373,7092,7922,9072,8778,7673,6996,7276,5369,3742,2306,1258,129610
E07000196,5060,7854,4728,2316,7828,6336,6095,5912,5798,7334,8679,8962,7657,6962,7454,5893,4087,2203,1211,112369
E07000197,6755,10590,6258,2792,8798,8504,8480,8064,7890,9255,10364,10231,8727,7961,8390,6467,4448,2470,1414,137858
E07000198,4133,7162,4378,2122,6218,4963,4972,5014,5062,6787,7970,7797,6799,6365,7163,5156,3465,1886,1015,98427
E07000199,4431,6754,3673,1805,5609,4662,5108,5024,4624,5139,5598,5029,4565,4250,4201,2962,1923,999,508,76864
E07000218,3291,5233,2904,1381,4415,3832,3879,3791,3510,4534,5011,5031,4354,3761,3933,2914,1938,1090,650,65452
E07000219,8089,11514,6134,2794,9290,8046,8678,8501,7827,8272,9502,8991,7565,6860,6931,5163,3415,1911,890,130373
E07000220,6590,10159,5714,2679,7259,6356,7300,7645,7262,7592,7797,7561,5852,5159,5401,4443,3043,1712,1126,110650
E07000221,6388,9912,5850,2731,8271,6724,6906,7006,7049,8940,9961,10188,8856,8146,8936,6966,4833,2895,1844,132402
E07000222,7431,11328,6167,2864,16588,11365,8860,8468,8743,9243,9631,9323,7623,6774,7112,5425,3924,2451,1589,144909
E08000025,79650,114772,62696,29391,139866,97954,83554,74911,68219,65245,65426,60245,49184,41424,36517,27821,21633,13797,8220,1140525
E08000026,22395,33658,16930,7824,54284,39888,33113,25113,20787,20129,20224,18747,15832,13266,12914,10082,7416,4285,2500,379387
E08000027,18466,28064,15712,7352,23791,20055,20412,19953,18434,20771,23364,22108,18225,16620,16854,13785,9840,5693,2864,322363
E08000028,22938,33858,18066,8133,26329,22375,24061,24347,20761,20903,21928,19997,16048,13430,12392,9915,7187,4208,2166,329042
E08000029,12069,19640,11066,5170,15317,12442,12568,12856,12886,14159,15742,15425,12526,11040,12034,9232,6540,4250,2525,217487
E08000030,19265,27896,15158,7056,22862,18919,19566,18927,16764,17923,19161,18216,14950,12945,12595,10204,7631,4411,2267,286716
E08000031,17336,26172,13552,5991,20759,18578,19340,18067,16128,17124,17537,16365,13652,11785,10653,8438,6546,4137,2247,264407
E07000234,5267,8515,4853,2194,6003,5336,5604,5831,6114,6972,7644,7259,6129,5749,5897,4538,3225,2070,1369,100569
E07000235,3191,5855,3574,1819,4404,3651,3551,3577,4141,4981,6040,6409,5845,5597,5989,4438,3149,1979,1255,79445
E07000236,5180,7775,4280,1873,5922,5242,5841,6252,5542,5600,5640,5383,5032,4843,4593,2993,1892,1044,641,85568
E07000237,5466,8325,4586,2104,10179,7555,6654,6433,5953,6483,6919,6573,5349,4807,4662,3425,2424,1537,831,100265
E07000238,6323,10213,5774,2718,7859,6298,6866,7023,7062,8505,10042,10183,8976,8633,9103,6559,4458,2696,1793,131084
E07000239,5077,8027,4286,2078,6557,5431,5751,5459,5431,6637,7597,7322,6236,6309,7096,5383,3413,1916,1133,101139
E06000055,11385,16709,8818,4261,12378,9400,10780,11879,11678,11769,12510,11812,9886,8329,8408,5790,4258,2862,1775,174687
E06000056,18161,26675,13963,6398,19000,17245,21026,20679,19665,20040,21117,20608,16887,14333,14589,10247,6991,4215,2257,294096
E06000032,17037,23834,11860,5343,17129,14527,17612,17532,14549,12945,12553,12038,9597,7530,6510,4788,4201,2548,1395,213528
E06000031,14977,22453,10521,4577,13663,12857,15695,15739,13705,13164,13079,11856,9847,8609,8044,5452,4159,2695,1534,202626
E06000033,10781,16302,8795,3858,12506,10174,11209,12244,12538,13000,13009,12442,10254,9062,9527,6768,4954,3217,2133,182773
E06000034,13104,18492,9635,4150,12529,10967,13465,13759,12506,12110,12031,10509,8176,7009,6890,4386,3070,1810,933,175531
E07000008,6886,10065,5120,2483,25805,12465,7314,6555,6774,6585,6870,6359,5134,4549,4036,2980,2300,1630,1153,125063
E07000009,4755,8249,4550,2042,5425,4378,5068,5983,6130,6595,6698,6296,5347,4902,5139,3594,2498,1568,955,90172
E07000010,5592,8351,4275,2138,6894,5914,6381,6008,5393,6321,7232,7391,6433,6280,6440,4531,3181,2027,1298,102080
E07000011,9963,15132,8026,3815,11455,9899,11637,11544,11230,12370,13498,13029,10911,9620,10307,7225,4822,2790,1712,178985
E07000012,8911,14952,8415,3855,9439,7329,9234,10611,11724,12243,11943,11215,9248,8109,8620,6154,4401,2772,1729,160904
E07000066,12774,17790,9344,4334,13441,11834,13357,12676,12066,12233,13067,12212,10183,8425,8842,6049,4570,2825,1536,187558
E07000067,8457,13276,7590,3415,9989,8249,9444,9620,9062,10703,11703,10916,9171,8427,8858,6079,4042,2495,1595,153091
E07000068,4408,6407,3625,1863,5077,4578,4669,4755,5017,5202,5794,5711,4495,3735,4034,2921,2330,1611,1010,77242
E07000069,4394,7139,4015,2012,6275,4914,4965,4792,4774,5544,6546,6391,5670,5557,6602,4811,3363,1859,901,90524
E07000070,9944,15579,8819,4027,12219,11042,11752,12112,11846,12691,12870,11920,9999,8789,9606,6612,4893,3116,1713,179549
E07000071,11143,17038,8787,3962,21611,14784,13928,12885,12029,12484,12903,11877,9713,8813,9594,6606,4628,2890,1525,197200
E07000072,8193,11153,5988,2836,8888,7799,8313,8418,8497,8822,9819,9725,7802,6527,6754,5088,3663,2388,1502,132175
E07000073,6333,9252,4365,1919,5990,5614,6535,6706,5778,5365,5691,5522,4794,3736,3370,2417,1894,1287,712,87280
E07000074,2986,4852,2885,1367,4171,2993,3144,2995,3472,4416,5385,5228,4863,4325,4791,3265,2290,1248,725,65401
E07000075,4130,6904,4039,1955,5993,4776,4733,4824,5106,6029,6730,6456,5575,4971,5715,4016,2975,1800,900,87627
E07000076,6826,11186,6112,2956,9251,7184,6878,6453,6662,8164,10119,10873,10638,10571,12460,8989,6167,3682,2182,147353
E07000077,5249,8397,4711,2307,5691,4598,5182,5583,6027,6738,7326,6978,5732,4747,4961,3529,2395,1595,1013,92759
E07000095,6195,9036,4811,2203,7071,5843,6489,6669,6365,6395,7179,6580,5393,4232,4525,3424,2679,1640,863,97592
E07000096,9863,14625,7622,3455,9844,8676,10471,11232,10971,10936,10798,10721,9093,7375,7013,4979,3706,2522,1555,155457
E07000242,8540,13517,7876,3689,9647,8141,9072,9515,10604,11552,11800,11241,8913,7230,7463,5215,3894,2478,1399,151786
E07000098,6632,10301,5617,2649,7065,5939,6191,7029,7142,7189,7414,7271,5680,4836,5076,3613,2803,1866,1158,105471
E07000099,7711,12108,6343,2973,7914,7276,8270,9234,9511,9813,9657,9270,7527,6452,6754,4939,3728,2568,1415,133463
E07000240,9162,15431,8686,3831,8672,7402,8610,10023,11713,11801,10967,9720,7679,6426,6613,4725,3789,2483,1584,149317
E07000243,5744,8359,4263,1989,6307,5854,6900,6660,5765,5412,6184,6083,4914,3694,3440,2456,1978,1350,752,88104
E07000102,5264,8871,5035,2325,6086,5022,5290,6326,6786,6935,6931,6699,5174,4507,4403,3240,2437,1654,981,93966
E07000103,6830,9803,4969,2316,6659,6265,7690,8424,7686,6870,6370,5455,4428,3512,3199,2373,1861,1206,707,96623
E07000241,6923,10901,5611,2541,15694,10223,8730,8379,7706,7188,7335,7399,6124,4840,4683,3492,2804,2008,1312,123893
E07000143,7124,11300,6062,2678,9166,7639,8306,7931,7238,8558,9860,10388,9262,8886,9855,7025,4974,3027,1976,141255
E07000144,5976,9945,5707,2720,7902,6361,7085,7310,7464,8909,9903,9876,8680,8152,9343,6789,4961,3103,1745,131931
E07000145,5186,8005,4445,2123,7174,5296,5634,5526,4961,5716,6856,7180,6544,6335,6819,4931,3212,1993,1262,99198
E07000146,7607,12375,6583,3029,9036,7327,8305,8275,7587,8995,10594,11289,10316,9938,11028,8069,5682,3382,1828,151245
E07000147,3805,6670,3857,1835,5689,4368,4630,4761,4464,5751,7203,8226,8658,8611,9763,6870,4880,3192,1934,105167
E07000148,7385,10736,5598,2414,24041,13636,10890,9517,7544,7632,7938,7298,6179,5616,5494,4039,2961,1914,1345,142177
E07000149,7118,11924,6824,3151,8565,7048,7637,8459,8555,9593,10410,10256,9117,8515,9427,6931,4824,2975,1737,143066
E07000200,4140,6954,4378,2126,5685,4203,4457,4647,4888,6135,7132,7196,6245,6018,6841,4933,3341,2096,1320,92735
E07000244,11083,19149,11484,5453,15397,11738,12179,12041,12748,15444,18045,18675,17570,17036,19158,13562,9664,6167,3780,250373
E07000202,8902,12459,6494,3063,10222,9611,10260,9921,8433,8682,8917,8478,7358,6457,5946,4144,3205,2065,1362,135979
E07000203,4490,7986,4840,2338,6464,5314,5760,5765,5652,6825,8075,8151,7158,6951,7343,5099,3418,2043,1185,104857
E07000245,10468,15579,7837,3640,12057,11393,12177,11559,9661,10354,12152,11972,10089,9375,10483,7532,5399,3304,2271,177302
E09000007,14174,22693,11675,5558,31264,30455,28810,22889,19221,17555,16464,13770,11389,9325,8814,6309,4383,2724,2044,279516
E09000001,474,843,362,146,1276,1445,795,680,538,663,764,672,549,508,474,300,217,116,116,10938
E09000012,19708,25248,13015,5857,21511,27972,36633,31492,22554,16819,15146,12810,9860,7306,5652,3798,2803,1670,1087,280941
E09000013,10930,15497,7517,3167,18073,18177,17166,15256,13808,13401,11905,10282,7678,6167,5428,3744,2735,1612,1001,183544
E09000014,17426,23546,12512,5974,21710,21722,23598,24600,22272,19494,17856,15470,11559,9029,7435,4966,3856,2237,1095,266357
E09000019,12953,17381,8833,4065,32934,36052,29533,21630,15922,13398,13154,11599,8817,6584,5839,3909,2789,1726,997,248115
E09000020,8064,12094,6115,2833,12915,11341,11865,12466,12981,11224,10781,10273,8316,6973,6920,4954,3408,1921,1420,156864
E09000022,17904,24849,12969,5917,27313,41109,41024,31448,22759,19473,18895,17584,12519,8883,6914,4697,3824,2233,1499,321813
E09000023,20877,27530,13897,5972,23359,26656,31045,29598,25521,21241,19446,17790,13023,9055,7245,5045,4045,2457,1507,305309
E09000025,26893,34614,16924,8083,34308,35424,39825,35328,25304,20980,19839,16521,13259,9398,6993,4717,3622,2042,1192,355266
E09000028,19471,27298,13296,5841,28106,35306,38521,29876,23151,20006,19812,17794,13601,8946,7043,4851,3612,2081,1405,320017
E09000030,21883,30125,14982,7059,35847,40028,43031,34436,25625,19266,15734,12391,9791,7552,5381,3496,2687,1697,958,331969
E09000032,20980,27046,11846,5114,26008,40510,39392,35379,25160,20650,18562,15289,11799,9244,8383,5753,4515,2529,1576,329735
E09000033,13634,21518,10451,5098,25150,26496,25816,25007,21063,18167,17202,14531,11815,10060,8575,6010,4565,2827,1863,269848
E09000002,18910,26226,13415,5541,17719,15880,17683,17445,15380,14293,12735,10845,8228,6062,4823,3399,2670,1635,1218,214107
E09000003,26103,38577,20633,9376,28834,27693,31639,31618,30051,27701,26443,23093,19076,15723,14752,10781,7854,5408,3652,399007
E09000004,15633,23260,12729,5802,18508,16546,17844,17878,16911,15959,17458,16450,13290,10403,10302,7479,6279,3964,2606,249301
E09000005,23790,31135,15489,7467,28837,24934,26707,26720,23012,20965,20381,19311,16982,12878,10344,7289,5833,3576,2103,327753
E09000006,20708,30757,16393,7605,20048,18255,21988,24978,25379,23975,24423,22410,17718,14464,15467,10953,8393,5577,3261,332752
E09000008,27372,37644,20821,9472,27356,24890,29584,29780,28123,25883,26949,26229,20412,16035,13652,9588,7427,4655,2691,388563
E09000009,23652,33568,17239,7747,25383,23266,26542,26697,25887,24490,23208,20350,16651,13977,11292,7928,6340,3857,2267,340341
E09000010,23300,34123,18497,8466,25183,23442,25011,25481,23299,22030,22827,20890,16201,12473,10997,8518,6520,4054,2275,333587
E09000011,21016,28302,14163,6013,23094,23199,27339,25447,24181,19602,18081,15706,12198,9187,8128,5417,4019,2393,1549,289034
E09000015,17832,23612,12368,6159,17682,16814,18728,19059,17992,16400,15757,15386,13915,11505,10060,7214,5740,3791,2324,252338
E09000016,17167,23606,12435,5812,19339,17407,18900,18698,16677,15913,17227,16644,14308,11672,12035,8509,6833,4615,2854,260651
E09000017,21569,30605,15458,7013,26504,22063,23912,24244,23095,20152,19518,18147,14701,11495,10699,7613,6171,3884,2171,309014
E09000018,19526,27160,13179,5908,20298,19216,21984,23856,21621,19181,17294,15549,12876,10500,8850,6064,4575,2716,1414,271767
E09000021,10700,16838,8639,3869,15250,12692,13756,14691,13912,13343,11805,10176,8389,6922,6644,4496,3318,2124,1578,179142
E09000024,14413,19618,9540,4169,13488,14722,16891,19114,17591,14382,13930,12299,9662,7701,6796,4763,3749,2287,1338,206453
E09000026,22342,29912,16330,7863,24626,22320,23995,25074,23083,20621,18791,17061,14367,11659,9766,6867,5380,3373,2228,305658
E09000027,11800,19501,10045,4444,11442,9468,11709,15205,16962,17023,14799,13378,10383,8764,8700,5928,4157,2534,1899,198141
E09000029,13266,20628,10579,4877,12981,11498,13871,16840,17007,15655,14966,13212,10411,8510,8379,5843,4525,2934,1725,207707
E09000031,21329,26701,13007,6101,19994,20850,26947,27024,21421,18630,17786,14810,11833,9182,7650,5221,4136,2559,1759,276940
E06000036,7291,11622,6753,3168,8799,7255,8700,9280,9133,9099,9083,8509,6857,5459,4970,3339,2487,1468,893,124165
E06000043,12987,20232,11531,5582,43776,28170,22558,19564,18425,19317,19903,17745,12931,10493,10252,7090,5281,3507,2394,291738
E06000060,31715,52548,29119,13422,35016,28346,31093,35165,37188,38913,40356,38342,31723,26525,26920,20175,15179,9494,5821,547060
E06000046,5891,10088,5892,2802,8965,6876,6648,6797,6811,8491,10513,11002,10662,10446,11426,8244,5364,3329,2049,142296
E06000035,18085,26646,14046,6664,21970,19267,20255,18690,17600,17974,19202,18228,15242,12605,12802,8707,6007,3363,1789,279142
E06000042,18180,29349,15230,6549,17225,15725,18448,21969,21172,19226,17989,16150,13974,12073,10786,6954,4811,2691,1702,270203
E06000044,11839,18020,9497,4400,31770,18609,15657,14149,11936,12317,12972,12624,10334,7953,8374,5738,4244,2667,1592,214692
E06000038,11096,15203,7655,3300,17314,13188,12121,12367,11295,10355,10022,8966,7120,5560,5185,3838,2877,1786,1089,160337
E06000039,12415,18122,9291,3825,10666,8674,10950,13715,12919,10383,9098,7704,6258,5105,3825,2610,2009,1287,721,149577
E06000045,14941,21592,10505,4768,39804,25572,18840,16780,14339,13462,13348,13621,11322,9364,8921,6437,4538,2916,1802,252872
E06000037,8559,14267,8516,4206,10246,7833,8427,9454,10250,11641,12357,11732,9871,8467,8578,6142,4075,2405,1439,158465
E06000040,8383,13675,8457,4162,9486,7145,8626,10147,10750,11393,11457,10781,8297,7003,7301,5557,4165,2670,1818,151273
E06000041,9912,17615,9448,4298,11342,8365,9960,11650,13293,13198,12644,11964,9685,7820,8074,5988,4296,2730,1663,173945
E07000061,5017,8340,4409,2159,7631,5272,5295,6065,5960,6333,7044,7195,6442,5942,6947,4878,3809,2621,1965,103324
E07000062,5171,7820,4193,1971,6503,5322,5785,5645,5214,6036,6993,6890,5892,5250,5379,3455,2342,1456,1237,92554
E07000063,4602,8184,4791,2358,6560,4774,5048,5655,5697,6778,7681,7753,6763,6577,7174,5118,3796,2464,1752,103525
E07000064,3776,6706,4016,1783,5487,4256,4061,4116,4263,5414,6849,7545,7198,7289,8675,6215,4377,2752,1938,96716
E07000065,7368,12671,7599,3641,9666,7403,7513,8291,8493,10636,12409,12833,11530,10498,11745,8522,5856,3735,2324,162733
E07000084,10583,16514,8508,3822,11985,9765,11806,12450,12003,12804,13331,12664,10205,8392,8787,6122,4236,2442,1341,177760
E07000085,5982,10195,6103,2923,7867,5730,5927,6223,7146,8696,9572,9732,8442,7118,7990,5728,4154,2643,1667,123838
E07000086,7488,12014,6590,3048,8828,7940,9116,8966,8804,9119,9455,9327,8061,6987,7141,5064,3808,2280,1484,135520
E07000087,5257,8978,5131,2522,7648,5978,6659,6572,6587,7895,8683,8869,7732,6585,7454,5562,4051,2653,1522,116338
E07000088,4448,7008,4066,1915,6537,5060,5335,5250,4770,5429,5878,6126,5402,4530,4897,3261,2357,1573,837,84679
E07000089,5239,8994,5147,2322,5773,4498,5572,6010,6824,7736,7324,7148,5477,4665,5316,3996,2908,1600,1059,97608
E07000090,6400,10132,5790,2711,9153,7238,7254,6906,6299,7552,8995,9395,8535,7389,7966,5801,4368,2806,1649,126339
E07000091,7471,13099,7598,3546,10663,8018,8250,8343,9002,11001,12681,14029,12778,12475,13956,10433,7654,5145,3507,179649
E07000092,6237,8446,4374,1974,6619,6270,7413,7115,6636,6854,6893,6469,4863,3895,3826,2762,1944,1080,717,94387
E07000093,7047,11078,5810,2701,7556,6499,7423,7553,7726,8961,9577,9454,7900,6956,7651,5578,3852,2442,1399,127163
E07000094,6041,10745,6469,3146,12201,5913,6117,6670,7542,8702,8830,8939,7511,6621,7144,5238,3871,2541,1684,125925
E07000105,7790,12370,6771,3194,8735,7397,7759,7866,7970,8802,9972,9243,7376,6613,7307,5182,3428,2072,1171,131018
E07000106,7155,12135,7173,3498,25687,13460,9103,8240,7714,8632,10058,10107,9175,8636,9543,6652,4786,2939,2069,166762
E07000107,8432,11662,5968,2542,7519,6965,9504,9540,8368,7713,7761,6763,5449,4204,4200,2956,2218,1469,818,114051
E07000108,5834,9385,5581,2470,7740,6602,6560,6572,6282,7322,8609,9050,8306,7547,8006,5430,3671,2169,1378,118514
E07000112,5306,8880,4851,2223,7299,5861,6357,6275,6134,7200,8498,8525,7613,7151,8159,5388,3748,2245,1607,113320
E07000109,6926,10373,5700,2552,7523,6298,7132,7165,6707,7236,7673,7136,5866,4906,4854,3556,2716,1711,860,106890
E07000110,10473,15808,8409,3962,11668,10224,11150,11500,10627,11611,12672,11870,9763,8442,9320,6403,4733,2931,1566,173132
E07000111,6811,11435,6369,2773,7191,5765,6374,7134,7977,8508,8976,8583,7215,6570,7115,5053,3688,2409,1441,121387
E07000113,9162,14076,7670,3424,11264,8945,9319,9427,8849,9375,10731,10677,8986,7774,8423,5802,3844,2108,1159,151015
E07000114,7648,12183,6860,3102,9636,7605,7649,7955,7581,8585,9623,9931,9068,8960,9527,6669,4538,2742,1596,141458
E07000115,7735,12218,7134,3421,8810,6989,7569,8149,8660,9703,9957,9421,7618,6307,6879,5080,3623,2130,1168,132571
E07000116,6265,10882,6770,3210,6872,5455,6536,7779,8055,9129,9327,8413,6836,5689,6186,4513,3192,2209,1621,118939
E07000177,9570,13598,7531,3403,9581,8101,9816,11116,10062,10398,11162,10627,8823,7373,7480,5422,3954,2418,1411,151846
E07000178,7956,12250,6787,3198,32966,16464,7764,8891,7717,7145,7718,7403,6173,5106,4859,3576,2680,1742,1189,151584
E07000179,7974,12624,7104,3203,8746,7170,8201,8893,9100,10249,11060,10418,8579,7474,7990,6217,4507,2729,1544,143782
E07000180,7960,11965,6636,3256,8883,7676,8824,9072,9013,9457,9718,9569,7970,7026,7420,5512,3977,2440,1536,137910
E07000181,5756,9670,5168,2488,6780,5930,6814,6990,6605,7681,8118,8239,6912,6172,6507,4902,3415,2262,1349,111758
E07000207,8698,14435,7504,3335,7571,5153,6068,8523,10852,11116,10737,10103,7535,6390,6516,4715,3649,2499,1816,137215
E07000208,4947,7843,4307,1963,5737,3944,4321,5381,5978,6081,5830,5573,4255,3748,3987,2880,2104,1356,768,81003
E07000209,7183,12100,6884,3201,20699,12435,9187,8461,8771,9698,9495,9513,7556,6403,6721,4705,3587,2331,1422,150352
E07000210,4047,7097,4238,2106,5427,3949,3889,4415,5542,6224,6931,6896,5904,5028,5364,4059,3066,2098,1267,87547
E07000211,9161,14263,7485,3476,9015,7645,9085,10491,11033,10868,10865,10384,8176,6882,7191,5062,3749,2614,1798,149243
E07000212,4903,7085,3831,1685,11439,7498,6213,5301,5380,5671,5755,5704,4588,3745,3932,2891,2198,1574,934,90327
E07000213,6192,8922,4723,2222,6426,5176,6212,7010,7246,6988,7243,7105,5706,4663,4759,3647,2932,1731,970,99873
E07000214,4664,7889,4531,2200,5779,4547,4676,5455,5992,6747,6984,6638,5316,4310,4572,3542,2651,1770,941,89204
E07000215,5054,7672,4430,2075,5542,4161,4939,5390,5850,6161,6859,6599,5303,4570,4936,3548,2584,1646,1223,88542
E07000216,6739,11486,6977,3559,8221,5009,5369,7079,8328,9660,9489,8802,7543,6482,7136,5693,4171,2883,1930,126556
E07000217,6407,9890,5339,2285,5866,4986,5730,7115,7957,7623,7233,6536,5480,4621,4475,3234,2479,1657,1095,100008
E07000223,3356,5635,2895,1305,3770,3029,3423,3861,4083,4603,4687,4506,3848,3681,4059,3006,2305,1373,762,64187
E07000224,7533,12100,6434,3008,9476,7698,8277,8214,8342,9540,11166,11607,10830,10807,12792,9380,6958,4266,2695,161123
E07000225,5496,9454,5167,2369,8614,5491,5333,5893,6116,7397,8626,9225,8693,8062,8802,6751,4832,3203,1984,121508
E07000226,7764,11457,5754,2586,7707,7225,8601,9382,8498,7727,7442,6930,5902,4527,4067,2600,1953,1450,902,112474
E07000227,7333,11896,7128,3375,8476,7074,7803,8152,8913,10044,11225,11295,9433,8482,8875,6532,4691,2946,1801,145474
E07000228,8382,13834,7685,3573,8718,7139,8594,10000,10529,11311,11467,10704,8927,7935,8322,6121,4235,2935,1731,152142
E07000229,5556,9061,4962,2265,6947,5447,6279,7052,7219,7840,8266,8070,6618,5899,6743,4777,3667,2422,1637,110727
E06000022,9333,14876,8536,3930,28598,15645,11728,10196,10073,11507,12291,12289,10364,9253,9725,7234,5336,3354,2089,196357
E06000058,19750,31619,17042,7941,36573,22308,23201,25977,24447,25275,26907,26535,22571,20888,22888,16520,12473,8597,5477,396989
E06000023,27646,38509,19559,8693,64967,50930,43695,33537,27227,24609,24272,22954,18994,16344,15564,10987,8354,5524,3501,465866
E06000052,26912,45147,25104,11791,41628,27701,28117,30072,30438,36092,41594,43177,40686,37951,41174,28653,18821,11523,6718,573299
E06000059,15482,27246,16833,8137,21244,16529,18023,17491,18787,22810,27207,29894,28343,27415,30725,22252,15464,9823,6086,379791
E06000053,71,173,73,22,167,122,133,106,143,136,159,163,141,154,159,122,94,48,40,2226
E06000024,11087,18139,9904,4690,13330,10322,11451,12776,13048,14466,15716,15332,13310,12594,14136,10580,7260,4671,2762,215574
E06000026,14232,22212,11581,5266,29502,17885,17251,17230,14203,15429,17143,16830,15115,12609,13312,9496,6899,4212,2432,262839
E06000025,16253,24488,13220,5966,23894,18806,19320,19422,17732,18563,20617,19516,15610,13567,14011,11285,7929,4902,2715,287816
E06000030,13815,21124,10884,4929,15379,12785,14892,16105,15087,16335,16411,15525,12737,10571,9765,6841,4933,3059,1704,222881
E06000027,6414,10567,5767,2736,8165,6694,6997,6901,6570,8147,9840,10552,9725,9208,10065,7477,5119,3279,1995,136218
E06000054,26196,43739,24653,11686,31700,25752,28988,29772,29270,34480,38193,37345,31938,28676,29691,21761,15055,9550,5625,504070
E07000040,6418,10931,6258,2892,8063,6461,7151,7096,7416,8756,10328,10694,10512,10631,12003,9061,6472,4233,2704,148080
E07000041,6186,9377,4946,2254,24072,12619,10110,7978,7007,7044,7469,7028,5940,5356,5511,4071,3006,1908,1451,133333
E07000042,4090,6984,4229,1909,5319,3914,4319,4638,4462,5440,6234,6392,5600,5296,5452,3842,2577,1583,1010,83290
E07000043,4664,7828,4437,2023,5904,4926,5188,5020,5191,6107,7195,7646,6920,6291,6847,5115,3415,2086,1367,98170
E07000044,3546,6496,3832,1805,4834,3584,3875,4264,4524,5158,6611,7300,6997,6671,7105,4924,3271,2013,1136,87946
E07000045,6131,10152,5698,2650,7702,6366,7138,7054,7166,8180,9962,10835,9742,9486,10019,7035,4706,3002,2015,135039
E07000046,2923,5210,2842,1364,3819,3044,3405,3193,3423,4048,5031,5546,5621,5278,5416,3766,2389,1527,874,68719
E07000047,2194,4049,2559,1199,2952,2249,2570,2697,2814,3371,4260,4861,4449,4111,4475,3170,2057,1308,794,56139
E07000078,6037,9307,5328,2748,10248,7233,7615,7917,7248,7190,7771,7816,6467,5798,5969,4436,3328,2202,1385,116043
E07000079,4163,6724,3928,1907,5576,3794,3989,4666,4985,6189,7076,7220,6389,6135,6329,4656,3293,2051,1194,90264
E07000080,4128,6464,3639,2096,6368,4319,4350,4315,4267,5516,6831,6963,6156,5944,6011,4329,2850,1644,917,87107
E07000081,7840,11875,6246,2827,11178,7917,9172,8950,7980,8381,9220,8747,7250,5967,5847,4388,3002,1842,1080,129709
E07000082,5742,9936,5745,2772,7481,5900,6225,6621,7100,8866,9417,9347,8264,7402,7611,5363,3719,2350,1042,120903
E07000083,5495,8314,4276,2025,5712,5260,6056,6045,5774,6338,7037,6926,6030,5592,5718,4232,3028,1726,1040,96624
E07000187,5764,9404,5699,2924,7085,5494,6081,6274,6256,7635,9069,9085,7753,7424,7606,5317,3687,2273,1458,116288
E07000188,6168,10253,5585,2720,8048,6325,6803,6674,6338,7708,9265,9495,8326,7862,8094,5825,3992,2380,1585,123446
E07000246,7496,12136,6883,3264,9503,7926,8555,8408,7978,9322,10958,11609,10703,10470,10683,7906,5482,3598,2541,155421
E07000189,8356,13447,7690,3504,10259,8305,9405,8794,8618,10354,12062,12616,11500,11347,11982,8677,5933,3541,2306,168696
