lineage	ntaxa	tmrca	ptmrca	source	first_seen	last_seen
0	1	2022.0821917808216	2021.990780567775	nonENG	2022.0821917808216	2022.0821917808216
1	1	2022.0	2021.960452232804	nonENG	2022.0	2022.0
2	1	2022.0328767123287	2021.9789699599037	nonENG	2022.0328767123287	2022.0328767123287
3	1	2021.9698630136984	2021.950638944616	nonENG	2021.9698630136984	2021.9698630136984
4	1	2022.0082191780823	2021.9673440029203	nonENG	2022.0082191780823	2022.0082191780823
5	1	2022.0054794520547	2021.9501059575696	nonENG	2022.0054794520547	2022.0054794520547
6	1	2021.9698630136984	2021.956496560471	nonENG	2021.9698630136984	2021.9698630136984
7	1	2021.9945205479453	2021.961323313448	nonENG	2021.9945205479453	2021.9945205479453
8	1	2021.9917808219177	2021.9798626809704	nonENG	2021.9917808219177	2021.9917808219177
9	1	2022.0027397260276	2021.9834262052464	nonENG	2022.0027397260276	2022.0027397260276
10	1	2022.013698630137	2021.9841426754165	nonENG	2022.013698630137	2022.013698630137
11	5	2021.938965463811	2021.9315331717676	nonENG	2021.9534246575345	2022.0164383561644
12	15	2021.9461623152708	2021.943547323576	nonENG	2021.9506849315069	2022.0575342465756
13	1	2022.0575342465756	2022.0145715130984	nonENG	2022.0575342465756	2022.0575342465756
14	1	2022.013698630137	2021.9579570695407	nonENG	2022.013698630137	2022.013698630137
15	2	2021.9624967690293	2021.947000627147	nonENG	2021.964383561644	2022.054794520548
16	1	2021.9945205479453	2021.9824774967065	nonENG	2021.9945205479453	2021.9945205479453
17	4	2022.039872462595	2022.0286656300525	nonENG	2022.0465753424655	2022.0821917808216
18	1	2022.0821917808216	2021.9923735823725	nonENG	2022.0821917808216	2022.0821917808216
19	1	2022.0383561643837	2021.977608512881	nonENG	2022.0383561643837	2022.0383561643837
20	2	2022.0258600358973	2022.001579734141	nonENG	2022.0520547945205	2022.0657534246573
21	1	2022.035616438356	2022.0140122436696	nonENG	2022.035616438356	2022.035616438356
22	37	2021.9292574123735	2021.9268426708416	nonENG	2021.9369863013696	2022.0821917808216
23	2	2021.98203455308	2021.9738191534536	nonENG	2022.0109589041097	2022.027397260274
24	1	2022.049315068493	2021.9479069474128	nonENG	2022.049315068493	2022.049315068493
25	1	2021.986301369863	2021.9722600551108	nonENG	2021.986301369863	2021.986301369863
26	1	2021.9479452054795	2021.9368848274576	nonENG	2021.9479452054795	2021.9479452054795
27	1	2022.0109589041097	2021.943916398676	nonENG	2022.0109589041097	2022.0109589041097
28	5	2021.9639203944228	2021.9502475264328	nonENG	2022.0054794520547	2022.054794520548
29	1	2022.021917808219	2021.9838307252485	nonENG	2022.021917808219	2022.021917808219
30	3	2022.023299062998	2021.9794759049496	nonENG	2022.054794520548	2022.0657534246573
31	2	2022.024486507615	2021.986698184776	nonENG	2022.0301369863012	2022.07397260274
32	1	2022.0821917808216	2021.951385303956	nonENG	2022.0821917808216	2022.0821917808216
33	1	2022.013698630137	2022.006958188661	nonENG	2022.013698630137	2022.013698630137
34	1	2022.0794520547945	2022.0695374805528	nonENG	2022.0794520547945	2022.0794520547945
35	1	2022.0520547945205	2022.0306316308336	nonENG	2022.0520547945205	2022.0520547945205
36	3	2021.965302018463	2021.944686415141	nonENG	2022.0383561643837	2022.0821917808216
37	42	2021.9357629624603	2021.9252103409683	nonENG	2021.9506849315069	2022.0821917808216
38	1	2021.9871214272312	2021.9768243859992	nonENG	2021.9917808219177	2021.9917808219177
39	3	2021.9939003752747	2021.9825537749948	nonENG	2022.041095890411	2022.0794520547945
40	1	2022.004386473636	2021.9676562611328	nonENG	2022.035616438356	2022.035616438356
41	2	2022.01878824775	2021.976631174146	nonENG	2022.027397260274	2022.041095890411
42	4	2021.9722803699835	2021.9552213975885	nonENG	2022.019178082192	2022.0794520547945
43	3	2021.976374077923	2021.956581567414	nonENG	2022.0	2022.0794520547945
44	2	2021.9673045541265	2021.9602670777783	nonENG	2021.9698630136984	2022.06301369863
45	6	2021.9419893959505	2021.9326179319776	nonENG	2021.9534246575345	2022.0684931506848
46	3	2021.9973733075967	2021.9826485186309	nonENG	2022.0465753424655	2022.0794520547945
47	1	2022.049315068493	2022.0347376865664	nonENG	2022.049315068493	2022.049315068493
48	6	2021.9456941664696	2021.9405547581537	nonENG	2021.9561643835616	2022.0602739726028
49	14	2021.9533886510053	2021.9476816562271	nonENG	2021.9671232876717	2022.0712328767124
50	2	2022.005265920799	2021.961048914079	nonENG	2022.054794520548	2022.0712328767124
51	1	2022.0082191780823	2021.9741025970204	nonENG	2022.0082191780823	2022.0082191780823
52	1	2022.0712328767124	2022.0113554063123	nonENG	2022.0712328767124	2022.0712328767124
53	1	2021.9808219178085	2021.96892279799	nonENG	2021.9808219178085	2021.9808219178085
54	1	2022.027397260274	2021.9844191610905	nonENG	2022.027397260274	2022.027397260274
55	1	2021.9671232876717	2021.959110965781	nonENG	2021.9671232876717	2021.9671232876717
56	1	2022.021917808219	2021.984233846412	nonENG	2022.021917808219	2022.021917808219
57	1	2022.0301369863012	2021.9859115847528	nonENG	2022.0301369863012	2022.0301369863012
58	1	2022.0465753424655	2021.9654227398323	nonENG	2022.0465753424655	2022.0465753424655
59	2	2022.0228392435097	2021.9780431350985	nonENG	2022.0328767123287	2022.0328767123287
60	1	2022.0328767123287	2021.956602109293	nonENG	2022.0328767123287	2022.0328767123287
61	2	2021.964328360325	2021.9480672754555	nonENG	2021.975342465753	2021.9917808219177
62	2	2022.0057681705607	2021.9715872777288	nonENG	2022.0109589041097	2022.0328767123287
63	1	2022.041095890411	2021.9541436125985	nonENG	2022.041095890411	2022.041095890411
64	1	2022.054794520548	2021.97810893728	nonENG	2022.054794520548	2022.054794520548
65	1	2022.0684931506848	2021.964333870384	nonENG	2022.0684931506848	2022.0684931506848
66	1	2022.0082191780823	2021.977431407424	nonENG	2022.0082191780823	2022.0082191780823
67	1	2022.0054794520547	2021.974978028509	nonENG	2022.0054794520547	2022.0054794520547
68	1	2022.0164383561644	2022.0096284881115	nonENG	2022.0164383561644	2022.0164383561644
69	1	2022.013698630137	2021.984699057476	nonENG	2022.013698630137	2022.013698630137
70	1	2022.027397260274	2022.0087882966427	nonENG	2022.027397260274	2022.027397260274
71	1	2022.06301369863	2022.0273543791448	nonENG	2022.06301369863	2022.06301369863
72	2	2022.0426868754928	2021.986477551069	nonENG	2022.0465753424655	2022.049315068493
73	1	2022.0794520547945	2021.9700462594628	nonENG	2022.0794520547945	2022.0794520547945
74	2	2022.030771383204	2021.979868309944	nonENG	2022.0520547945205	2022.054794520548
75	1	2022.054794520548	2022.0013703857628	nonENG	2022.054794520548	2022.054794520548
76	2	2022.0166611474103	2021.9996616254612	nonENG	2022.024657534247	2022.024657534247
77	7	2021.9657744537903	2021.959801263189	nonENG	2021.972602739726	2022.0821917808216
78	1	2022.043343243168	2022.0323675631391	nonENG	2022.07397260274	2022.07397260274
79	1	2022.021917808219	2021.9816661406096	nonENG	2022.021917808219	2022.021917808219
80	1	2021.9890410958903	2021.9856342127987	nonENG	2021.9890410958903	2021.9890410958903
81	1	2021.9671232876717	2021.9556585983748	nonENG	2021.9671232876717	2021.9671232876717
82	1	2021.958904109589	2021.958133848604	nonENG	2021.958904109589	2021.958904109589
83	1	2022.0164383561644	2021.9772359818735	nonENG	2022.0164383561644	2022.0164383561644
84	1	2021.9890410958903	2021.9559703154423	nonENG	2021.9890410958903	2021.9890410958903
85	1	2022.013698630137	2021.9625760428733	nonENG	2022.013698630137	2022.013698630137
86	1	2021.9808219178085	2021.9479708139495	nonENG	2021.9808219178085	2021.9808219178085
87	1	2022.0602739726028	2022.0087476931933	nonENG	2022.0602739726028	2022.0602739726028
88	1	2022.024657534247	2022.0191049996777	nonENG	2022.024657534247	2022.024657534247
89	2	2021.9664976457564	2021.955254309132	nonENG	2021.9698630136984	2022.0109589041097
90	1	2021.9972602739729	2021.9959578123523	nonENG+ENG	2021.9972602739729	2021.9972602739729
91	2	2021.960439775717	2021.9568166653637	nonENG	2021.9616438356163	2022.024657534247
92	1	2022.024657534247	2021.9806656215496	nonENG	2022.024657534247	2022.024657534247
93	1	2022.054794520548	2021.982769131816	nonENG	2022.054794520548	2022.054794520548
94	1	2021.9534246575345	2021.9505283184492	nonENG	2021.9534246575345	2021.9534246575345
95	1	2022.0054794520547	2021.9960348551087	nonENG	2022.0054794520547	2022.0054794520547
96	1	2022.0465753424655	2022.0003635744129	nonENG	2022.0465753424655	2022.0465753424655
97	1	2022.027397260274	2021.9451449728765	nonENG	2022.027397260274	2022.027397260274
98	1	2022.024657534247	2021.99876527672	nonENG	2022.024657534247	2022.024657534247
99	1	2022.054794520548	2021.9719969421687	nonENG	2022.054794520548	2022.054794520548
100	1	2022.0383561643837	2021.9992594178943	nonENG	2022.0383561643837	2022.0383561643837
101	2	2022.0286622198903	2021.98636051534	nonENG	2022.0602739726028	2022.0794520547945
102	2975	2021.891507625756	2021.88960889312	nonENG	2021.92602739726	2022.0821917808216
103	1	2022.0385998922625	2022.019086370311	nonENG	2022.0465753424655	2022.0465753424655
104	1	2022.021917808219	2021.983216804637	nonENG	2022.021917808219	2022.021917808219
105	1	2022.0602739726028	2021.974843458261	nonENG+ENG	2022.0602739726028	2022.0602739726028
106	1	2022.0712328767124	2022.0377959928371	nonENG	2022.0712328767124	2022.0712328767124
107	1	2022.035616438356	2021.9930290508923	nonENG	2022.035616438356	2022.035616438356
108	1	2021.980167964845	2021.9787166176825	nonENG	2022.035616438356	2022.035616438356
109	1	2021.964343710539	2021.9537221074368	nonENG	2021.975342465753	2021.975342465753
110	3	2021.9917226318544	2021.9889724006089	nonENG	2022.027397260274	2022.0794520547945
111	1	2022.041095890411	2021.9753362858944	nonENG	2022.041095890411	2022.041095890411
112	1	2022.07397260274	2021.9825543792329	nonENG	2022.07397260274	2022.07397260274
113	1	2022.0712328767124	2021.9680487923467	nonENG	2022.0712328767124	2022.0712328767124
114	1	2022.06301369863	2021.98113773898	nonENG	2022.06301369863	2022.06301369863
115	1	2021.9650775539703	2021.947162452877	nonENG	2021.9972602739729	2021.9972602739729
116	2	2022.003804635615	2021.9461535245448	nonENG	2022.0520547945205	2022.0602739726028
117	1	2021.954365632352	2021.9483140254408	nonENG	2021.9671232876717	2021.9671232876717
118	1	2022.049315068493	2021.9918801820625	nonENG	2022.049315068493	2022.049315068493
119	1	2022.0684931506848	2022.001211964004	nonENG	2022.0684931506848	2022.0684931506848
120	1	2022.0520547945205	2021.99298773933	nonENG	2022.0520547945205	2022.0520547945205
121	3	2021.952796682118	2021.9482479427784	nonENG	2021.9561643835616	2022.0684931506848
122	1	2022.0794520547945	2022.002946579689	nonENG	2022.0794520547945	2022.0794520547945
123	2	2021.971540117852	2021.96643580058	nonENG	2021.986301369863	2022.019178082192
124	1	2022.0383561643837	2022.0160669173204	nonENG+ENG	2022.0383561643837	2022.0383561643837
125	2	2022.0142252370613	2021.9699543354648	nonENG	2022.0328767123287	2022.049315068493
126	2	2021.9961936618165	2021.958408310044	nonENG	2022.0575342465756	2022.0794520547945
127	4	2022.0006932371937	2021.98145265952	nonENG	2022.013698630137	2022.0602739726028
128	5	2021.997836893488	2021.978384618837	nonENG	2022.0082191780823	2022.06301369863
129	1	2022.024657534247	2021.9506414920595	nonENG	2022.024657534247	2022.024657534247
130	1	2022.06301369863	2021.9687612336943	nonENG	2022.06301369863	2022.06301369863
131	1	2022.0109589041097	2021.9627706411757	nonENG	2022.0109589041097	2022.0109589041097
132	1	2022.0383561643837	2021.9768415942503	nonENG	2022.0383561643837	2022.0383561643837
133	1	2021.975342465753	2021.9556827865376	nonENG	2021.975342465753	2021.975342465753
134	1	2022.07397260274	2021.9866313245568	nonENG	2022.07397260274	2022.07397260274
135	1	2022.035616438356	2021.9826666401448	nonENG	2022.035616438356	2022.035616438356
136	1	2022.06301369863	2022.0272935924104	nonENG	2022.06301369863	2022.06301369863
137	3	2021.9562208540876	2021.9486284664408	nonENG	2021.958904109589	2022.0657534246573
138	5	2021.9845451617448	2021.9664911554207	nonENG	2021.9972602739729	2022.0794520547945
139	2	2022.02535763214	2021.9943854231176	nonENG	2022.041095890411	2022.0602739726028
140	1	2022.020815823825	2022.0083626535077	nonENG	2022.0301369863012	2022.0301369863012
141	1	2022.0684931506848	2022.043548162505	nonENG+ENG	2022.0684931506848	2022.0684931506848
142	2	2022.018111562479	2021.968969457246	nonENG	2022.027397260274	2022.0328767123287
143	1	2022.0575342465756	2022.0395209755743	nonENG	2022.0575342465756	2022.0575342465756
144	1	2021.9653043442704	2021.962479450264	nonENG	2021.9972602739729	2021.9972602739729
145	1	2022.027397260274	2021.991939695716	nonENG	2022.027397260274	2022.027397260274
146	1	2021.9971462531623	2021.9895792265108	nonENG	2022.0438356164384	2022.0438356164384
147	1	2022.0821917808216	2022.051784037813	nonENG	2022.0821917808216	2022.0821917808216
148	2	2021.9620227052983	2021.9577442157447	nonENG	2021.9890410958903	2022.013698630137
149	1	2022.054794520548	2021.9776869625648	nonENG	2022.054794520548	2022.054794520548
150	1	2022.035616438356	2022.0080192072303	nonENG	2022.035616438356	2022.035616438356
151	1	2022.0794520547945	2022.055060275913	nonENG	2022.0794520547945	2022.0794520547945
152	1	2022.0520547945205	2021.9799567816535	nonENG	2022.0520547945205	2022.0520547945205
153	1	2021.9945205479453	2021.9742473307008	nonENG	2021.9945205479453	2021.9945205479453
154	2	2022.0237822724991	2022.018932152802	nonENG	2022.0602739726028	2022.0821917808216
155	2	2022.0304887976572	2021.974528999036	nonENG	2022.0383561643837	2022.041095890411
156	1	2022.054794520548	2022.0069631012927	nonENG	2022.054794520548	2022.054794520548
157	2	2022.0112641815256	2021.9783342633164	nonENG	2022.035616438356	2022.0767123287671
158	1	2021.975342465753	2021.9750631852569	nonENG	2021.975342465753	2021.975342465753
159	1	2021.972602739726	2021.9620313598584	nonENG	2021.972602739726	2021.972602739726
160	1	2022.013698630137	2021.9724539603144	nonENG	2022.013698630137	2022.013698630137
161	1	2022.0602739726028	2021.9935155551616	nonENG	2022.0602739726028	2022.0602739726028
162	1	2021.9890410958903	2021.9728171135096	nonENG	2021.9890410958903	2021.9890410958903
163	3	2021.973097888227	2021.9653678525224	nonENG	2021.9945205479453	2022.021917808219
164	1	2022.06301369863	2021.980513215783	nonENG	2022.06301369863	2022.06301369863
165	1	2022.0657534246573	2021.9684802948516	nonENG	2022.0657534246573	2022.0657534246573
166	1	2022.0821917808216	2021.957006595736	nonENG	2022.0821917808216	2022.0821917808216
167	1	2022.0767123287671	2021.9659062001756	nonENG	2022.0767123287671	2022.0767123287671
168	1	2022.0684931506848	2021.9949549929177	nonENG	2022.0684931506848	2022.0684931506848
169	1	2022.0438356164384	2022.015242388556	nonENG	2022.0438356164384	2022.0438356164384
170	1	2022.054794520548	2022.02129058307	nonENG	2022.054794520548	2022.054794520548
171	16	2021.945091356556	2021.9396093157536	nonENG	2021.9479452054795	2022.0767123287671
172	1	2022.0794520547945	2021.9826012411352	nonENG	2022.0794520547945	2022.0794520547945
173	1	2022.0027397260276	2021.972417843725	nonENG	2022.0027397260276	2022.0027397260276
174	1	2022.013698630137	2021.9888362245244	nonENG	2022.013698630137	2022.013698630137
175	2	2022.0215397232848	2021.9931141167808	nonENG	2022.035616438356	2022.054794520548
176	1	2022.0684931506848	2022.0406492058223	nonENG+ENG	2022.0684931506848	2022.0684931506848
177	1	2022.054794520548	2021.977466352276	nonENG	2022.054794520548	2022.054794520548
178	1	2022.0657534246573	2022.053964210146	nonENG	2022.0657534246573	2022.0657534246573
179	1	2022.0328767123287	2021.9871843790904	nonENG	2022.0328767123287	2022.0328767123287
180	3	2022.0185040090144	2022.005555897651	nonENG	2022.041095890411	2022.0684931506848
181	1	2021.9945205479453	2021.9811861044384	nonENG	2021.9945205479453	2021.9945205479453
182	1	2022.035616438356	2021.9998420239176	nonENG	2022.035616438356	2022.035616438356
183	1	2022.0602739726028	2021.9844291246472	nonENG	2022.0602739726028	2022.0602739726028
184	1	2022.0082191780823	2021.9935602786784	nonENG	2022.0082191780823	2022.0082191780823
185	2	2021.9475418676493	2021.9423073321807	nonENG	2021.9561643835616	2021.964383561644
186	3	2021.9479461850517	2021.9469325041323	nonENG	2022.0054794520547	2022.0602739726028
187	3	2021.9947885845213	2021.9672682018308	nonENG	2022.0109589041097	2022.0301369863012
188	2	2021.981053785356	2021.9721549974456	nonENG	2022.013698630137	2022.0657534246573
189	1	2022.0109589041097	2021.947791145663	nonENG	2022.0109589041097	2022.0109589041097
190	1	2021.975342465753	2021.961656115306	nonENG	2021.975342465753	2021.975342465753
191	2	2022.0139960921192	2021.9791967071355	nonENG	2022.0164383561644	2022.0328767123287
192	1	2022.0109589041097	2021.981081482941	nonENG	2022.0109589041097	2022.0109589041097
193	1	2022.0109589041097	2021.9678684905284	nonENG	2022.0109589041097	2022.0109589041097
194	1	2022.0109589041097	2021.9616662316848	nonENG	2022.0109589041097	2022.0109589041097
195	1	2022.0438356164384	2021.9814009707932	nonENG	2022.0438356164384	2022.0438356164384
196	1	2022.041095890411	2021.9740901582445	nonENG	2022.041095890411	2022.041095890411
197	1	2022.0684931506848	2022.027558674544	nonENG	2022.0684931506848	2022.0684931506848
198	1	2022.021917808219	2021.9807480793847	nonENG	2022.021917808219	2022.021917808219
199	1	2022.027397260274	2022.025220488321	nonENG	2022.027397260274	2022.027397260274
200	3	2022.0068554136155	2021.9963327196197	nonENG	2022.0082191780823	2022.0794520547945
201	1	2022.0328767123287	2022.006420982066	nonENG	2022.0328767123287	2022.0328767123287
202	4	2021.9906749909237	2021.985485621642	nonENG	2022.021917808219	2022.0657534246573
203	1	2022.07397260274	2022.068891819764	nonENG	2022.07397260274	2022.07397260274
204	3	2022.000146717441	2021.9942457223665	nonENG	2022.035616438356	2022.0767123287671
205	1	2022.0054794520547	2021.9717514553715	nonENG	2022.0054794520547	2022.0054794520547
206	1	2022.0082191780823	2021.9901222147157	nonENG	2022.0082191780823	2022.0082191780823
207	2	2021.9820652226667	2021.9745352569155	nonENG	2022.0328767123287	2022.0684931506848
208	1	2022.0082191780823	2021.9844796734585	nonENG	2022.0082191780823	2022.0082191780823
209	1	2022.0575342465756	2021.9898621247944	nonENG	2022.0575342465756	2022.0575342465756
210	1	2022.035616438356	2021.986257766418	nonENG	2022.035616438356	2022.035616438356
211	2	2022.0016842611967	2021.971570641952	nonENG	2022.0520547945205	2022.0575342465756
212	1	2022.0575342465756	2021.9677101817992	nonENG	2022.0575342465756	2022.0575342465756
213	2	2021.9471235481287	2021.927079806136	nonENG	2021.958904109589	2022.0109589041097
214	4	2021.9512754689315	2021.9483499581215	nonENG	2021.9561643835616	2022.049315068493
215	1	2022.07397260274	2022.0044612257136	nonENG	2022.07397260274	2022.07397260274
216	3	2021.9835214410828	2021.9772319196911	nonENG	2021.986301369863	2022.0465753424655
217	1	2022.013698630137	2021.9922277623396	nonENG	2022.013698630137	2022.013698630137
218	1	2022.0465753424655	2022.0159937279368	nonENG	2022.0465753424655	2022.0465753424655
219	1	2022.0657534246573	2022.0637889210395	nonENG+ENG	2022.0657534246573	2022.0657534246573
220	1	2022.049315068493	2022.027153095476	nonENG	2022.049315068493	2022.049315068493
221	1	2022.024657534247	2022.008139630819	nonENG	2022.024657534247	2022.024657534247
222	1	2022.07397260274	2021.9835497612837	nonENG	2022.07397260274	2022.07397260274
223	19	2021.9481401246155	2021.944617653569	nonENG	2021.958904109589	2022.0821917808216
224	1	2021.945205479452	2021.938357979263	nonENG	2021.945205479452	2021.945205479452
225	1	2022.0301369863012	2021.9864787946813	nonENG	2022.0301369863012	2022.0301369863012
226	1	2022.021917808219	2021.984274927384	nonENG	2022.021917808219	2022.021917808219
227	1	2022.0438356164384	2021.9795889961345	nonENG	2022.0438356164384	2022.0438356164384
228	1	2022.0301369863012	2021.978408215417	nonENG	2022.0301369863012	2022.0301369863012
229	1	2022.021917808219	2021.9857243696251	nonENG	2022.021917808219	2022.021917808219
230	1	2021.9698630136984	2021.9616949282615	nonENG	2021.9698630136984	2021.9698630136984
231	1	2021.9890410958903	2021.9816762316004	nonENG	2021.9890410958903	2021.9890410958903
232	4	2021.972812314592	2021.9470053587036	nonENG	2021.9945205479453	2022.0712328767124
233	1	2022.0712328767124	2022.0139520813077	nonENG	2022.0712328767124	2022.0712328767124
234	1	2022.054794520548	2021.9934495467776	nonENG	2022.054794520548	2022.054794520548
235	1	2022.0712328767124	2021.982083499114	nonENG	2022.0712328767124	2022.0712328767124
236	1	2022.027397260274	2021.9739073834928	nonENG	2022.027397260274	2022.027397260274
237	3	2022.025510749943	2021.9564039059533	nonENG	2022.0712328767124	2022.0712328767124
238	1	2022.0794520547945	2022.0132042381324	nonENG	2022.0794520547945	2022.0794520547945
239	1	2022.0684931506848	2022.0249895010315	nonENG	2022.0684931506848	2022.0684931506848
240	1	2022.0712328767124	2022.035597193248	nonENG	2022.0712328767124	2022.0712328767124
241	1	2022.0520547945205	2021.9705713765404	nonENG	2022.0520547945205	2022.0520547945205
242	7	2021.977697703248	2021.9472812465588	nonENG	2022.0027397260276	2022.0657534246573
243	30	2021.9468320380488	2021.937768633853	nonENG	2021.9616438356163	2022.0794520547945
244	1	2022.0082191780823	2022.004031709112	nonENG	2022.0082191780823	2022.0082191780823
245	1	2022.06301369863	2021.9590984844624	nonENG	2022.06301369863	2022.06301369863
246	1	2021.9917808219177	2021.9878860223896	nonENG	2021.9917808219177	2021.9917808219177
247	7	2021.9456587227523	2021.9335674510776	nonENG	2021.9479452054795	2022.0657534246573
248	1	2022.0082191780823	2021.973720311939	nonENG	2022.0082191780823	2022.0082191780823
249	8	2021.9437186103496	2021.9237944606768	nonENG	2021.9506849315069	2022.0684931506848
250	4	2021.9722048696397	2021.9592521234813	nonENG	2021.9972602739729	2022.049315068493
251	1	2022.06301369863	2022.0068733060284	nonENG	2022.06301369863	2022.06301369863
252	1	2022.0054794520547	2022.0044169168104	nonENG	2022.0054794520547	2022.0054794520547
253	2	2022.015299826416	2021.9906995975412	nonENG	2022.024657534247	2022.0328767123287
254	1	2021.9671232876717	2021.9595490429567	nonENG	2021.9671232876717	2021.9671232876717
255	1	2022.024657534247	2021.9745642544085	nonENG	2022.024657534247	2022.024657534247
256	1	2022.0054794520547	2021.9802617413736	nonENG	2022.0054794520547	2022.0054794520547
257	2	2022.0292492638223	2021.981010202564	nonENG	2022.035616438356	2022.049315068493
258	1	2022.0767123287671	2021.984410502737	nonENG	2022.0767123287671	2022.0767123287671
259	3	2021.977740766578	2021.951182524288	nonENG	2021.9945205479453	2022.054794520548
260	1	2022.024657534247	2021.9662435337912	nonENG	2022.024657534247	2022.024657534247
261	1	2022.019178082192	2021.999893225061	nonENG	2022.019178082192	2022.019178082192
262	2	2022.033040754054	2021.9670497638776	nonENG	2022.049315068493	2022.054794520548
263	1	2021.9428353355893	2021.9404967847004	nonENG	2021.9616438356163	2021.9616438356163
264	1	2022.0794520547945	2022.0031481781016	nonENG	2022.0794520547945	2022.0794520547945
265	1	2022.041095890411	2021.9935376518536	nonENG	2022.041095890411	2022.041095890411
266	1	2022.0684931506848	2021.9909561737295	nonENG	2022.0684931506848	2022.0684931506848
267	1	2021.94781978782	2021.946520427893	nonENG	2021.9671232876717	2021.9671232876717
268	1	2021.9506849315069	2021.9404967847004	nonENG	2021.9506849315069	2021.9506849315069
269	1	2022.0328767123287	2022.0034746969584	nonENG	2022.0328767123287	2022.0328767123287
270	1	2022.0465753424655	2021.9712205481983	nonENG	2022.0465753424655	2022.0465753424655
271	1	2022.0465753424655	2021.9951704890343	nonENG	2022.0465753424655	2022.0465753424655
272	1	2022.0794520547945	2022.0168353531496	nonENG	2022.0794520547945	2022.0794520547945
273	1	2022.0657534246573	2022.0428815056264	nonENG	2022.0657534246573	2022.0657534246573
274	2	2022.039698020881	2022.0082160597988	nonENG	2022.049315068493	2022.06301369863
275	1	2022.0794520547945	2021.9766296441903	nonENG	2022.0794520547945	2022.0794520547945
276	2	2022.042826627664	2021.965550490375	nonENG	2022.0438356164384	2022.0520547945205
277	1	2022.041095890411	2021.9668791548777	nonENG	2022.041095890411	2022.041095890411
278	1	2022.027397260274	2021.9927590875088	nonENG	2022.027397260274	2022.027397260274
279	1	2022.024657534247	2022.0233878329416	nonENG	2022.024657534247	2022.024657534247
280	1	2022.0520547945205	2022.0030120159383	nonENG	2022.0520547945205	2022.0520547945205
281	1	2021.92602739726	2021.9220880685864	nonENG	2021.92602739726	2021.92602739726
282	1	2022.0684931506848	2021.9832964915968	nonENG	2022.0684931506848	2022.0684931506848
283	1	2021.958904109589	2021.9465706851292	nonENG	2021.958904109589	2021.958904109589
284	1	2022.0383561643837	2021.977698092084	nonENG	2022.0383561643837	2022.0383561643837
285	1	2022.0520547945205	2022.0116463952968	nonENG	2022.0520547945205	2022.0520547945205
286	1	2022.0465753424655	2021.992185068312	nonENG	2022.0465753424655	2022.0465753424655
287	4	2021.9465374308568	2021.92877551892	nonENG	2021.9506849315069	2022.0054794520547
288	1	2022.06301369863	2021.988138339327	nonENG	2022.06301369863	2022.06301369863
289	1	2022.0575342465756	2021.9816270844167	nonENG	2022.0575342465756	2022.0575342465756
290	1	2022.049315068493	2022.025592747488	nonENG	2022.049315068493	2022.049315068493
291	1	2022.0213293985837	2021.9778294363512	nonENG	2022.0301369863012	2022.0301369863012
292	1	2022.0575342465756	2022.026171166988	nonENG	2022.0575342465756	2022.0575342465756
293	1	2022.019178082192	2021.9935456668568	nonENG	2022.019178082192	2022.019178082192
294	1	2022.06301369863	2022.009936683916	nonENG	2022.06301369863	2022.06301369863
295	1	2022.024657534247	2021.9485799892675	nonENG	2022.024657534247	2022.024657534247
296	1	2022.035616438356	2021.9944899750428	nonENG	2022.035616438356	2022.035616438356
297	1	2022.0657534246573	2022.040842512116	nonENG	2022.0657534246573	2022.0657534246573
298	1	2022.0383561643837	2022.0163597608844	nonENG	2022.0383561643837	2022.0383561643837
299	1	2021.9561643835616	2021.9535944147408	nonENG	2021.9561643835616	2021.9561643835616
300	1	2022.027397260274	2021.9819776087024	nonENG	2022.027397260274	2022.027397260274
301	1	2022.0575342465756	2021.9749437307464	nonENG	2022.0575342465756	2022.0575342465756
302	1	2022.0575342465756	2021.9572802731595	nonENG	2022.0575342465756	2022.0575342465756
303	1	2022.0438356164384	2022.0076678557296	nonENG	2022.0438356164384	2022.0438356164384
304	1	2022.035616438356	2021.9786810982944	nonENG	2022.035616438356	2022.035616438356
305	1	2022.0328767123287	2021.982649737268	nonENG	2022.0328767123287	2022.0328767123287
306	1	2022.0328767123287	2021.964686594532	nonENG	2022.0328767123287	2022.0328767123287
307	1	2022.0520547945205	2022.0043746670065	nonENG	2022.0520547945205	2022.0520547945205
308	1	2022.06301369863	2022.0090425534004	nonENG	2022.06301369863	2022.06301369863
309	1	2022.027397260274	2021.9918219159097	nonENG	2022.027397260274	2022.027397260274
310	2	2021.954422569517	2021.9253193354168	nonENG	2021.9561643835616	2021.9671232876717
311	1	2022.0684931506848	2021.9842046211893	nonENG	2022.0684931506848	2022.0684931506848
312	2	2021.97557732404	2021.9466322626452	nonENG	2022.013698630137	2022.0438356164384
313	1	2021.964383561644	2021.953907396884	nonENG	2021.964383561644	2021.964383561644
314	2	2021.976829207128	2021.9504893501423	nonENG	2021.983561643836	2022.0054794520547
315	2	2022.0318230020196	2021.949146410483	nonENG	2022.0438356164384	2022.0767123287671
316	1	2022.0657534246573	2022.031839369488	nonENG	2022.0657534246573	2022.0657534246573
317	1	2022.0438356164384	2021.9832338093177	nonENG	2022.0438356164384	2022.0438356164384
318	1	2022.0794520547945	2022.01916614856	nonENG	2022.0794520547945	2022.0794520547945
319	1	2021.9945205479453	2021.9607004814427	nonENG	2021.9945205479453	2021.9945205479453
320	2	2021.9632895880093	2021.9478998819789	nonENG	2021.9671232876717	2022.0520547945205
321	1	2021.964383561644	2021.9406971912488	nonENG	2021.964383561644	2021.964383561644
322	2	2022.034650788008	2021.9972705293987	nonENG	2022.0438356164384	2022.0465753424655
323	1	2022.054794520548	2022.0067825949204	nonENG	2022.054794520548	2022.054794520548
324	1	2022.054794520548	2021.9997938947404	nonENG	2022.054794520548	2022.054794520548
325	1	2022.035616438356	2021.9670184554084	nonENG	2022.035616438356	2022.035616438356
326	1	2022.0438356164384	2021.9599019151508	nonENG	2022.0438356164384	2022.0438356164384
327	1	2021.9671232876717	2021.9604966226095	nonENG	2021.9671232876717	2021.9671232876717
328	1	2021.9561643835616	2021.9461693274384	nonENG	2021.9561643835616	2021.9561643835616
329	8	2021.9769520672307	2021.9573315069797	nonENG	2022.0082191780823	2022.0712328767124
330	1	2022.0684931506848	2022.042561501774	nonENG	2022.0684931506848	2022.0684931506848
331	1	2022.0301369863012	2021.9805646498623	nonENG	2022.0301369863012	2022.0301369863012
332	1	2022.0657534246573	2021.965631615045	nonENG	2022.0657534246573	2022.0657534246573
333	1	2022.027397260274	2021.9847381862503	nonENG	2022.027397260274	2022.027397260274
334	1	2022.049315068493	2021.9804935518173	nonENG	2022.049315068493	2022.049315068493
335	1	2022.0767123287671	2022.04443352358	nonENG	2022.0767123287671	2022.0767123287671
336	1	2022.0328767123287	2021.9953253480087	nonENG	2022.0328767123287	2022.0328767123287
337	1	2022.049315068493	2022.0134985739264	nonENG	2022.049315068493	2022.049315068493
338	1	2022.054794520548	2022.0148501902215	nonENG	2022.054794520548	2022.054794520548
339	2	2022.0314054040869	2022.025739195533	nonENG	2022.0657534246573	2022.0684931506848
340	1	2022.0712328767124	2021.9884528987595	nonENG	2022.0712328767124	2022.0712328767124
341	1	2022.0465753424655	2022.0023518347052	nonENG	2022.0465753424655	2022.0465753424655
342	1	2022.024657534247	2022.010923531436	nonENG	2022.024657534247	2022.024657534247
343	4	2021.9890934110667	2021.9817472375496	nonENG	2022.0	2022.0328767123287
344	1	2021.982960182617	2021.9817472375496	nonENG	2022.024657534247	2022.024657534247
345	1	2021.9844713324464	2021.9766760406949	nonENG	2021.9945205479453	2021.9945205479453
346	1	2022.0328767123287	2022.008185627726	nonENG	2022.0328767123287	2022.0328767123287
347	1	2021.9671232876717	2021.965165671406	nonENG	2021.9671232876717	2021.9671232876717
348	1	2021.9671232876717	2021.9452450267772	nonENG	2021.9671232876717	2021.9671232876717
349	1	2021.9436607053376	2021.9392182380825	nonENG	2021.9506849315069	2021.9506849315069
350	1	2021.978082191781	2021.9712801690712	nonENG	2021.978082191781	2021.978082191781
351	1	2022.0684931506848	2021.9966400836308	nonENG	2022.0684931506848	2022.0684931506848
352	1	2022.049315068493	2022.0023774085937	nonENG	2022.049315068493	2022.049315068493
353	3	2021.9940007290652	2021.960401990142	nonENG	2022.0164383561644	2022.054794520548
354	1	2022.027397260274	2022.0205194559032	nonENG	2022.027397260274	2022.027397260274
355	1	2022.024657534247	2021.9475268163003	nonENG	2022.024657534247	2022.024657534247
356	1	2022.0054794520547	2021.9632587638848	nonENG	2022.0054794520547	2022.0054794520547
357	2	2022.0126220027385	2021.9581011657035	nonENG	2022.0684931506848	2022.0794520547945
358	2	2021.985270970761	2021.9758058575276	nonENG	2021.986301369863	2022.0109589041097
359	1	2022.013698630137	2021.974663687676	nonENG	2022.013698630137	2022.013698630137
360	24	2021.937872310272	2021.93250547098	nonENG	2021.9534246575345	2022.0657534246573
361	2	2022.0270510392104	2021.9947213519672	nonENG	2022.049315068493	2022.06301369863
362	1	2022.0794520547945	2022.0316020624653	nonENG	2022.0794520547945	2022.0794520547945
363	42	2021.9374461420216	2021.9231365602288	nonENG	2021.9561643835616	2022.0821917808216
364	1	2022.0301369863012	2021.955979312794	nonENG	2022.0301369863012	2022.0301369863012
365	1	2022.013698630137	2021.9579494806096	nonENG	2022.013698630137	2022.013698630137
366	1	2022.054794520548	2021.9773417098877	nonENG	2022.054794520548	2022.054794520548
367	2	2021.9797691220476	2021.9463788100409	nonENG	2021.986301369863	2022.0082191780823
368	1	2022.035616438356	2022.0140050012385	nonENG	2022.035616438356	2022.035616438356
369	1	2022.0383561643837	2022.0246355389904	nonENG	2022.0383561643837	2022.0383561643837
370	1	2021.9616438356163	2021.9457862755223	nonENG	2021.9616438356163	2021.9616438356163
371	1	2022.0383561643837	2021.9624659964777	nonENG	2022.0383561643837	2022.0383561643837
372	3	2021.9853605615028	2021.9604303056424	nonENG	2021.9917808219177	2022.0821917808216
373	1	2021.958904109589	2021.9444856929651	nonENG	2021.958904109589	2021.958904109589
374	1	2021.9531839996205	2021.9462357246168	nonENG	2021.9945205479453	2021.9945205479453
375	4	2021.97611490193	2021.963854241316	nonENG	2022.0082191780823	2022.0602739726028
376	1	2022.06301369863	2022.0360720536423	nonENG	2022.06301369863	2022.06301369863
377	1	2022.027397260274	2022.007201347456	nonENG	2022.027397260274	2022.027397260274
378	3	2021.9598113130232	2021.9471053124296	nonENG	2021.9698630136984	2022.0767123287671
379	2	2022.0236113272265	2021.9850875132183	nonENG	2022.024657534247	2022.0465753424655
380	1	2022.013698630137	2021.9857939884791	nonENG	2022.013698630137	2022.013698630137
381	1	2022.019178082192	2021.9859417399923	nonENG	2022.019178082192	2022.019178082192
382	1	2022.034919255384	2021.982827032267	nonENG	2022.0657534246573	2022.0657534246573
383	1	2022.049315068493	2022.0478050637	nonENG	2022.049315068493	2022.049315068493
384	1	2022.0767123287671	2021.9442190050515	nonENG	2022.0767123287671	2022.0767123287671
385	1	2021.9534246575345	2021.9513601794636	nonENG	2021.9534246575345	2021.9534246575345
386	1	2022.027397260274	2022.0039212210847	nonENG	2022.027397260274	2022.027397260274
387	1	2022.0821917808216	2022.039109638924	nonENG	2022.0821917808216	2022.0821917808216
388	1	2021.9671232876717	2021.9581311841137	nonENG	2021.9671232876717	2021.9671232876717
389	1	2022.021917808219	2021.965190921228	nonENG	2022.021917808219	2022.021917808219
390	1	2022.024657534247	2021.9930188012984	nonENG	2022.024657534247	2022.024657534247
391	1	2022.0082191780823	2021.975917415573	nonENG	2022.0082191780823	2022.0082191780823
392	1	2022.0164383561644	2021.9819001499832	nonENG	2022.0164383561644	2022.0164383561644
393	1	2022.013698630137	2021.9639721342223	nonENG	2022.013698630137	2022.013698630137
394	1	2022.0657534246573	2021.969578203508	nonENG	2022.0657534246573	2022.0657534246573
395	1	2022.019178082192	2021.9784010490976	nonENG	2022.019178082192	2022.019178082192
396	1	2022.049315068493	2022.024705920241	nonENG	2022.049315068493	2022.049315068493
397	2	2022.038865772793	2021.967471654668	nonENG	2022.0520547945205	2022.07397260274
398	1	2021.986301369863	2021.9447774611128	nonENG	2021.986301369863	2021.986301369863
399	1	2021.9369863013696	2021.9112611109863	nonENG	2021.9369863013696	2021.9369863013696
400	1	2022.021917808219	2021.9795808039053	nonENG	2022.021917808219	2022.021917808219
401	1	2022.013698630137	2022.000014783413	nonENG	2022.013698630137	2022.013698630137
402	1	2021.9616438356163	2021.9589850052407	nonENG	2021.9616438356163	2021.9616438356163
403	4	2021.951062364148	2021.9478399025784	nonENG	2021.9698630136984	2022.0712328767124
404	1	2022.0328767123287	2021.957612361992	nonENG	2022.0328767123287	2022.0328767123287
405	2	2021.9952932656213	2021.9562141339627	nonENG	2022.0465753424655	2022.054794520548
406	6	2021.9609060708892	2021.9419438785308	nonENG	2021.964383561644	2022.0575342465756
407	1	2022.0328767123287	2021.9797933716172	nonENG+ENG	2022.0328767123287	2022.0328767123287
408	16	2021.9469798138475	2021.934640692204	nonENG	2021.9698630136984	2022.0821917808216
409	5	2021.9643556161911	2021.9480150739696	nonENG	2021.983561643836	2022.06301369863
410	1	2022.0301369863012	2021.982647372958	nonENG	2022.0301369863012	2022.0301369863012
411	1	2022.0054794520547	2021.9783058769292	nonENG	2022.0054794520547	2022.0054794520547
412	1	2022.0821917808216	2022.028287444014	nonENG	2022.0821917808216	2022.0821917808216
413	1	2022.0767123287671	2022.0322613605035	nonENG	2022.0767123287671	2022.0767123287671
414	1	2022.049315068493	2021.9926717549167	nonENG	2022.049315068493	2022.049315068493
415	1	2022.07397260274	2021.9667851212232	nonENG	2022.07397260274	2022.07397260274
416	1	2022.054794520548	2021.966777252587	nonENG	2022.054794520548	2022.054794520548
417	1	2022.0383561643837	2022.0165734379077	nonENG	2022.0383561643837	2022.0383561643837
418	4	2021.9261422992583	2021.9181858466488	nonENG	2021.9616438356163	2022.013698630137
419	1	2022.0794520547945	2022.0246018962407	nonENG	2022.0794520547945	2022.0794520547945
420	2	2022.0634466814377	2022.0088292085647	nonENG	2022.0684931506848	2022.0712328767124
421	1	2022.0794520547945	2022.0707133324515	nonENG	2022.0794520547945	2022.0794520547945
422	1	2022.0328767123287	2022.0236118257756	nonENG	2022.0328767123287	2022.0328767123287
423	1	2022.054794520548	2022.0132425551824	nonENG	2022.054794520548	2022.054794520548
424	1	2022.0657534246573	2021.979593309144	nonENG	2022.0657534246573	2022.0657534246573
425	1	2022.039598389374	2021.9895526307755	nonENG	2022.0520547945205	2022.0520547945205
426	1	2022.0465753424655	2022.0354169648504	nonENG	2022.0465753424655	2022.0465753424655
427	1	2022.0328767123287	2022.01630845929	nonENG	2022.0328767123287	2022.0328767123287
428	1	2021.985261269426	2021.9739616567688	nonENG	2022.024657534247	2022.024657534247
429	2	2022.00045700606	2021.9949151409128	nonENG	2022.019178082192	2022.0438356164384
430	1	2022.024657534247	2021.987885962901	nonENG	2022.024657534247	2022.024657534247
431	1	2022.0438356164384	2022.0001321862624	nonENG	2022.0438356164384	2022.0438356164384
432	2	2022.074351514883	2021.988644484928	nonENG	2022.0794520547945	2022.0794520547945
433	1	2022.0465753424655	2021.9493572406627	nonENG	2022.0465753424655	2022.0465753424655
434	2	2022.02807912092	2022.001232206811	nonENG	2022.0657534246573	2022.0821917808216
435	3	2022.0059100897413	2022.002817325635	nonENG	2022.0383561643837	2022.0657534246573
436	2	2021.981952134105	2021.9816699651133	nonENG	2022.013698630137	2022.024657534247
437	1	2022.0383561643837	2021.9825284631745	nonENG	2022.0383561643837	2022.0383561643837
438	2	2021.9834297744571	2021.970521222708	nonENG	2021.986301369863	2022.0794520547945
439	2	2021.9692740699493	2021.9655129728264	nonENG	2022.0520547945205	2022.0575342465756
440	1	2022.021917808219	2021.9655129728264	nonENG	2022.021917808219	2022.021917808219
441	2	2022.031197802064	2021.9755275221876	nonENG	2022.0794520547945	2022.0794520547945
442	1	2022.0164383561644	2021.979813635238	nonENG	2022.0164383561644	2022.0164383561644
443	1	2022.027397260274	2021.9708518434657	nonENG	2022.027397260274	2022.027397260274
444	1	2022.027397260274	2022.0025477928973	nonENG	2022.027397260274	2022.027397260274
445	1	2022.0109589041097	2021.9800646026092	nonENG	2022.0109589041097	2022.0109589041097
446	4	2021.9586672510368	2021.9475536436912	nonENG	2021.958904109589	2022.0109589041097
447	1	2021.9671232876717	2021.9626513483383	nonENG	2021.9671232876717	2021.9671232876717
448	1	2021.9671232876717	2021.9614231589896	nonENG	2021.9671232876717	2021.9671232876717
449	1	2022.0520547945205	2021.97766328382	nonENG	2022.0520547945205	2022.0520547945205
450	1	2022.0328767123287	2021.9857631437344	nonENG	2022.0328767123287	2022.0328767123287
451	8	2021.9445259238987	2021.926751449677	nonENG	2021.9616438356163	2022.049315068493
452	4	2022.0002947606536	2021.9627395695557	nonENG	2022.0109589041097	2022.0821917808216
453	4	2021.972198958216	2021.966702149541	nonENG	2022.024657534247	2022.0602739726028
454	1	2022.0301369863012	2021.961464419527	nonENG	2022.0301369863012	2022.0301369863012
455	1	2022.0465753424655	2021.98329367842	nonENG	2022.0465753424655	2022.0465753424655
456	1	2022.027397260274	2021.9972555239783	nonENG	2022.027397260274	2022.027397260274
457	2	2021.996265390614	2021.98116113563	nonENG	2022.035616438356	2022.041095890411
458	1	2022.027397260274	2021.9759978742095	nonENG	2022.027397260274	2022.027397260274
459	1	2022.013698630137	2021.9407365853249	nonENG	2022.013698630137	2022.013698630137
460	1	2022.0109589041097	2021.9822374274415	nonENG	2022.0109589041097	2022.0109589041097
461	2	2022.029132172732	2021.9755606285728	nonENG	2022.0438356164384	2022.0767123287671
462	1	2022.024657534247	2022.015453124272	nonENG	2022.024657534247	2022.024657534247
463	1	2022.027397260274	2021.96033339451	nonENG	2022.027397260274	2022.027397260274
464	1	2022.024657534247	2021.9641225311127	nonENG	2022.024657534247	2022.024657534247
465	1	2022.0082191780823	2021.982415944928	nonENG	2022.0082191780823	2022.0082191780823
466	1	2022.049315068493	2021.9646891617904	nonENG	2022.049315068493	2022.049315068493
467	1	2022.0301369863012	2021.9981060570608	nonENG	2022.0301369863012	2022.0301369863012
468	1	2022.027397260274	2021.9743074499956	nonENG	2022.027397260274	2022.027397260274
469	1	2022.024657534247	2021.9739614077275	nonENG	2022.024657534247	2022.024657534247
470	1	2022.027397260274	2022.0039743108423	nonENG	2022.027397260274	2022.027397260274
471	3	2021.9595893792653	2021.945630874778	nonENG	2021.9671232876717	2022.0301369863012
472	1	2022.06301369863	2022.028681071876	nonENG	2022.06301369863	2022.06301369863
473	1	2022.07397260274	2021.959649818899	nonENG	2022.07397260274	2022.07397260274
474	2	2022.002095105564	2021.9853521080183	nonENG	2022.019178082192	2022.0767123287671
475	1	2022.021917808219	2021.965549616022	nonENG	2022.021917808219	2022.021917808219
476	1	2021.9561643835616	2021.951169980673	nonENG	2021.9561643835616	2021.9561643835616
477	2	2022.0424255378855	2022.0139360788685	nonENG	2022.0465753424655	2022.0465753424655
478	1	2022.0027397260276	2021.964283139975	nonENG	2022.0027397260276	2022.0027397260276
479	1	2022.0657534246573	2022.0332810390244	nonENG	2022.0657534246573	2022.0657534246573
480	1	2022.07397260274	2021.974763788628	nonENG	2022.07397260274	2022.07397260274
481	1	2022.024657534247	2021.9429683870017	nonENG	2022.024657534247	2022.024657534247
482	9	2021.9635141956005	2021.9441032897823	nonENG	2021.9698630136984	2022.07397260274
483	1	2022.019178082192	2021.9564279947003	nonENG	2022.019178082192	2022.019178082192
484	1	2022.0657534246573	2021.9865125672263	nonENG	2022.0657534246573	2022.0657534246573
485	1	2021.975342465753	2021.9451031791248	nonENG	2021.975342465753	2021.975342465753
486	4	2021.9562404417115	2021.9412491830149	nonENG	2021.958904109589	2022.0684931506848
487	1	2022.024657534247	2021.9922599190024	nonENG	2022.024657534247	2022.024657534247
488	1	2022.0054794520547	2021.9909092546263	nonENG	2022.0054794520547	2022.0054794520547
489	1	2022.0657534246573	2022.0379714748576	nonENG	2022.0657534246573	2022.0657534246573
490	1	2022.0301369863012	2021.973083752796	nonENG	2022.0301369863012	2022.0301369863012
491	1	2022.021917808219	2021.974272755887	nonENG	2022.021917808219	2022.021917808219
492	46	2021.9389498302223	2021.9360219773123	nonENG	2021.9534246575345	2022.0821917808216
493	4	2021.9585191713456	2021.9479617672168	nonENG	2022.021917808219	2022.06301369863
494	4	2021.9473153492072	2021.942225405092	nonENG	2021.9506849315069	2022.06301369863
495	6	2021.9853762685032	2021.9793327640243	nonENG	2022.013698630137	2022.07397260274
496	1	2021.9945205479453	2021.98498742623	nonENG	2021.9945205479453	2021.9945205479453
497	1	2021.986301369863	2021.981433459288	nonENG	2021.986301369863	2021.986301369863
498	3	2021.977802342978	2021.9643370829297	nonENG	2022.0054794520547	2022.013698630137
499	1	2022.0438356164384	2022.028235053244	nonENG	2022.0438356164384	2022.0438356164384
500	2	2022.051009032316	2021.9655292230395	nonENG	2022.0575342465756	2022.0794520547945
501	1	2022.0821917808216	2022.028367197919	nonENG	2022.0821917808216	2022.0821917808216
502	1	2022.013698630137	2022.0052989808516	nonENG	2022.013698630137	2022.013698630137
503	1	2022.035616438356	2022.009345661612	nonENG	2022.035616438356	2022.035616438356
504	6	2021.955118455393	2021.946373981058	nonENG	2022.0301369863012	2022.049315068493
505	2	2021.958525754136	2021.9418841788415	nonENG	2021.986301369863	2022.0328767123287
506	1	2022.041095890411	2021.9737780718424	nonENG	2022.041095890411	2022.041095890411
507	2	2022.0422350546228	2021.978006854319	nonENG	2022.054794520548	2022.0712328767124
508	1	2022.054794520548	2022.0131898534696	nonENG	2022.054794520548	2022.054794520548
509	1	2022.049315068493	2022.0053795934307	nonENG	2022.049315068493	2022.049315068493
510	1	2022.019178082192	2021.9924874652463	nonENG	2022.019178082192	2022.019178082192
511	1	2022.0301369863012	2021.975747487338	nonENG	2022.0301369863012	2022.0301369863012
512	2	2021.9984676274728	2021.9859632751495	nonENG	2022.027397260274	2022.0794520547945
513	1	2022.07397260274	2022.001379952888	nonENG	2022.07397260274	2022.07397260274
514	1	2022.0767123287671	2021.9752189988697	nonENG	2022.0767123287671	2022.0767123287671
515	1	2021.983561643836	2021.9816507579076	nonENG	2021.983561643836	2021.983561643836
516	1	2022.0109589041097	2021.9943052033889	nonENG	2022.0109589041097	2022.0109589041097
517	1	2022.021917808219	2021.9585859460656	nonENG	2022.021917808219	2022.021917808219
518	1	2022.019178082192	2021.9696280329008	nonENG	2022.019178082192	2022.019178082192
519	1	2022.07397260274	2022.056448362738	nonENG	2022.07397260274	2022.07397260274
520	1	2022.019178082192	2021.996147766592	nonENG	2022.019178082192	2022.019178082192
521	4	2021.940845728409	2021.9177687254116	nonENG	2021.964383561644	2021.975342465753
522	1	2022.0301369863012	2022.0003512690253	nonENG	2022.0301369863012	2022.0301369863012
523	4	2021.9615893042624	2021.944937981896	nonENG	2021.9972602739729	2022.027397260274
524	6	2021.9498812352724	2021.944220468828	nonENG	2021.9561643835616	2022.0520547945205
525	1	2021.983561643836	2021.941212156181	nonENG	2021.983561643836	2021.983561643836
526	1	2022.06301369863	2022.0237787989824	nonENG	2022.06301369863	2022.06301369863
527	2	2022.034280964804	2022.0230753273192	nonENG	2022.0383561643837	2022.054794520548
528	1	2022.0821917808216	2021.9709555379736	nonENG	2022.0821917808216	2022.0821917808216
529	2	2022.019756449628	2021.9857284841223	nonENG	2022.041095890411	2022.041095890411
530	1	2022.0520547945205	2022.041156213736	nonENG	2022.0520547945205	2022.0520547945205
531	1	2022.0328767123287	2022.002707520232	nonENG	2022.0328767123287	2022.0328767123287
532	1	2022.0821917808216	2021.984669822329	nonENG	2022.0821917808216	2022.0821917808216
533	1	2022.027397260274	2021.9989759037935	nonENG	2022.027397260274	2022.027397260274
534	2	2021.9847558148729	2021.977720528232	nonENG	2022.024657534247	2022.0465753424655
535	1	2022.07397260274	2021.9657020282848	nonENG	2022.07397260274	2022.07397260274
536	0	2021.965102110912	2021.9451653773333	nonENG	0.0	2021.845889378212
537	1	2021.975342465753	2021.9737045191928	nonENG	2021.975342465753	2021.975342465753
538	1	2022.025904536655	2022.0093749329565	nonENG	2022.06301369863	2022.06301369863
539	1	2022.0684931506848	2022.03305056873	nonENG	2022.0684931506848	2022.0684931506848
540	1	2022.0520547945205	2021.98618369534	nonENG	2022.0520547945205	2022.0520547945205
541	8	2021.9475271972	2021.9406722195251	nonENG	2022.0054794520547	2022.0821917808216
542	2	2021.9579943223384	2021.9333612960495	nonENG	2021.9698630136984	2021.972602739726
543	1	2021.958904109589	2021.948912941592	nonENG	2021.958904109589	2021.958904109589
544	1	2021.964383561644	2021.9599212397168	nonENG	2021.964383561644	2021.964383561644
545	1	2022.054794520548	2021.949712342982	nonENG	2022.054794520548	2022.054794520548
546	1	2022.0082191780823	2021.958415433691	nonENG	2022.0082191780823	2022.0082191780823
547	1	2022.0794520547945	2021.9918825908703	nonENG	2022.0794520547945	2022.0794520547945
548	1	2022.0383561643837	2021.984636050645	nonENG	2022.0383561643837	2022.0383561643837
549	1	2021.958904109589	2021.9480700245765	nonENG	2021.958904109589	2021.958904109589
550	1	2022.0328767123287	2021.974326269345	nonENG	2022.0328767123287	2022.0328767123287
551	2	2022.023712919596	2021.9729996971687	nonENG	2022.0383561643837	2022.054794520548
552	3	2021.9908076725776	2021.9459262800897	nonENG	2022.041095890411	2022.0821917808216
553	1	2022.0712328767124	2022.0527246302804	nonENG	2022.0712328767124	2022.0712328767124
554	2	2022.043235499585	2022.020736402663	nonENG	2022.0465753424655	2022.054794520548
555	1	2022.021917808219	2021.968189345636	nonENG	2022.021917808219	2022.021917808219
556	1	2021.9934707502223	2021.986199842085	nonENG	2021.9945205479453	2021.9945205479453
557	1	2022.027397260274	2022.0214944230231	nonENG	2022.027397260274	2022.027397260274
558	1	2022.0712328767124	2021.974545037292	nonENG	2022.0712328767124	2022.0712328767124
559	1	2022.013698630137	2021.9754890454487	nonENG	2022.013698630137	2022.013698630137
560	2	2021.9706313458764	2021.952828559604	nonENG	2021.986301369863	2022.0301369863012
561	23	2021.931804489586	2021.9284254423455	nonENG	2021.9506849315069	2022.0602739726028
562	3	2022.028081285908	2021.9624362265083	nonENG	2022.0383561643837	2022.0821917808216
563	1	2022.027397260274	2022.0010292195263	nonENG	2022.027397260274	2022.027397260274
564	2	2021.99906646314	2021.9851676185533	nonENG	2022.021917808219	2022.0383561643837
565	1	2022.0712328767124	2022.0475028442308	nonENG	2022.0712328767124	2022.0712328767124
566	1	2022.0328767123287	2021.9551084031232	nonENG	2022.0328767123287	2022.0328767123287
567	3	2021.9749855432449	2021.9591253769956	nonENG	2022.024657534247	2022.054794520548
568	1	2022.013698630137	2021.999921015105	nonENG	2022.013698630137	2022.013698630137
569	2	2021.9734352167795	2021.9611489227705	nonENG	2021.975342465753	2022.027397260274
570	2	2021.9888807360417	2021.94796478654	nonENG	2022.0383561643837	2022.054794520548
571	1	2022.0109589041097	2021.963372151709	nonENG	2022.0109589041097	2022.0109589041097
572	1	2022.0082191780823	2021.9885242059488	nonENG	2022.0082191780823	2022.0082191780823
573	1	2022.049315068493	2022.016220676303	nonENG	2022.049315068493	2022.049315068493
574	4	2021.9521701659864	2021.949796805888	nonENG	2022.0082191780823	2022.0465753424655
575	1	2022.0684931506848	2021.9696130645216	nonENG	2022.0684931506848	2022.0684931506848
576	1	2021.9890410958903	2021.980453379396	nonENG	2021.9890410958903	2021.9890410958903
577	1	2022.0054794520547	2021.9832211734624	nonENG	2022.0054794520547	2022.0054794520547
578	10	2021.9605505332825	2021.9454879004784	nonENG	2021.9917808219177	2022.049315068493
579	1	2022.013698630137	2021.974811987428	nonENG	2022.013698630137	2022.013698630137
580	2	2022.0365957132287	2021.980732293652	nonENG	2022.0684931506848	2022.0684931506848
581	3	2021.9885068176084	2021.9602333161583	nonENG	2022.0328767123287	2022.0794520547945
582	1	2022.024657534247	2021.9904058248965	nonENG	2022.024657534247	2022.024657534247
583	1	2022.0147118238813	2022.0006837756505	nonENG	2022.021917808219	2022.021917808219
584	2	2022.0602443951252	2022.0213229756675	nonENG	2022.06301369863	2022.07397260274
585	1	2022.021917808219	2021.966881729275	nonENG	2022.021917808219	2022.021917808219
586	2	2021.982309152912	2021.9506164594504	nonENG	2022.0082191780823	2022.027397260274
587	1	2022.023083036168	2021.9938178884288	nonENG	2022.0602739726028	2022.0602739726028
588	1	2022.06301369863	2022.0418081217213	nonENG	2022.06301369863	2022.06301369863
589	1	2021.983561643836	2021.980395426832	nonENG	2021.983561643836	2021.983561643836
590	1	2022.0082191780823	2021.9859905084545	nonENG	2022.0082191780823	2022.0082191780823
591	1	2022.054794520548	2021.9861224890024	nonENG	2022.054794520548	2022.054794520548
592	1	2022.0109589041097	2021.96486746731	nonENG	2022.0109589041097	2022.0109589041097
593	3	2022.033126632871	2021.9863574289536	nonENG	2022.0602739726028	2022.0767123287671
594	2	2021.9921702420595	2021.95453542468	nonENG	2022.027397260274	2022.041095890411
595	3	2021.96965859159	2021.959854166765	nonENG	2022.027397260274	2022.0767123287671
596	5	2021.9644602621413	2021.9471720258837	nonENG	2022.013698630137	2022.07397260274
597	2	2021.9689673674395	2021.9669061834963	nonENG	2021.978082191781	2022.07397260274
598	1	2022.007378925682	2021.9913970585903	nonENG	2022.0109589041097	2022.0109589041097
599	1	2022.0767123287671	2022.0229943054928	nonENG	2022.0767123287671	2022.0767123287671
600	1	2022.0109589041097	2021.964792016556	nonENG	2022.0109589041097	2022.0109589041097
601	1	2022.035616438356	2021.9753971101163	nonENG	2022.035616438356	2022.035616438356
602	1	2022.0465753424655	2022.035416639295	nonENG	2022.0465753424655	2022.0465753424655
603	1	2022.0054794520547	2021.994354882581	nonENG	2022.0054794520547	2022.0054794520547
604	2	2022.0625980582884	2021.9688518347384	nonENG	2022.0657534246573	2022.0657534246573
605	1	2022.0438356164384	2021.997761400168	nonENG	2022.0438356164384	2022.0438356164384
606	1	2022.0767123287671	2022.0196705643928	nonENG	2022.0767123287671	2022.0767123287671
607	1	2022.0767123287671	2022.0170088616987	nonENG	2022.0767123287671	2022.0767123287671
608	1	2022.027397260274	2021.9851625969677	nonENG	2022.027397260274	2022.027397260274
609	8	2021.9560712224488	2021.9481376878064	nonENG	2021.964383561644	2022.0794520547945
610	2	2022.0296150084448	2021.9619282835604	nonENG	2022.0328767123287	2022.0438356164384
611	2	2021.9834409555417	2021.9587772153427	nonENG	2021.9917808219177	2022.035616438356
612	1	2022.0520547945205	2021.9979134308976	nonENG	2022.0520547945205	2022.0520547945205
613	1	2022.0821917808216	2021.984420420715	nonENG	2022.0821917808216	2022.0821917808216
614	1	2022.0328767123287	2021.9802768035036	nonENG	2022.0328767123287	2022.0328767123287
615	1	2022.027397260274	2022.0114545245467	nonENG	2022.027397260274	2022.027397260274
616	1	2022.0684931506848	2021.979534701589	nonENG	2022.0684931506848	2022.0684931506848
617	1	2022.019178082192	2021.9998289765456	nonENG	2022.019178082192	2022.019178082192
618	1	2022.0328767123287	2021.9947149974687	nonENG	2022.0328767123287	2022.0328767123287
619	1	2022.0712328767124	2022.0457214970031	nonENG	2022.0712328767124	2022.0712328767124
620	1	2022.0438356164384	2022.0133540238576	nonENG	2022.0438356164384	2022.0438356164384
621	1	2022.027397260274	2021.9516511810264	nonENG	2022.027397260274	2022.027397260274
622	2	2021.958065859381	2021.948125324636	nonENG	2021.964383561644	2021.9671232876717
623	52	2021.932808899653	2021.9226980721448	nonENG	2021.9479452054795	2022.0821917808216
624	1	2021.9616438356163	2021.9419896383088	nonENG	2021.9616438356163	2021.9616438356163
625	1	2022.049315068493	2021.9600224481871	nonENG	2022.049315068493	2022.049315068493
626	2	2021.9750575899584	2021.9536256050344	nonENG	2021.9945205479453	2022.0082191780823
627	1	2022.0082191780823	2021.9844469321213	nonENG	2022.0082191780823	2022.0082191780823
628	1	2022.0054794520547	2021.978749296255	nonENG	2022.0054794520547	2022.0054794520547
629	1	2022.0602739726028	2021.976715967783	nonENG	2022.0602739726028	2022.0602739726028
630	1	2021.9616438356163	2021.9600571456465	nonENG	2021.9616438356163	2021.9616438356163
631	1	2022.0465753424655	2021.9847990700252	nonENG	2022.0465753424655	2022.0465753424655
632	2	2022.021274575874	2021.9957294615788	nonENG	2022.035616438356	2022.035616438356
633	1	2022.0821917808216	2022.0206548659817	nonENG	2022.0821917808216	2022.0821917808216
634	3	2021.959110314073	2021.9497266320768	nonENG	2021.9616438356163	2022.0438356164384
635	1	2022.0657534246573	2022.001978758601	nonENG	2022.0657534246573	2022.0657534246573
636	1	2022.0465753424655	2022.0137302464104	nonENG	2022.0465753424655	2022.0465753424655
637	2	2022.0216552474203	2021.9689484726032	nonENG	2022.035616438356	2022.0465753424655
638	6	2022.0215619992816	2021.9612356793607	nonENG	2022.035616438356	2022.0794520547945
639	1	2022.027397260274	2021.965565370404	nonENG	2022.027397260274	2022.027397260274
640	1	2022.041095890411	2021.9494048768563	nonENG	2022.041095890411	2022.041095890411
641	1	2022.035616438356	2022.0074036975088	nonENG	2022.035616438356	2022.035616438356
642	1	2022.0465753424655	2021.9917931118623	nonENG	2022.0465753424655	2022.0465753424655
643	2	2021.984979605488	2021.95716112794	nonENG	2021.9890410958903	2022.0684931506848
644	6	2021.985850062989	2021.955385553561	nonENG	2022.0301369863012	2022.0821917808216
645	1	2021.9992867017504	2021.9918719591865	nonENG	2022.0109589041097	2022.0109589041097
646	1	2022.026445896725	2021.9918719591865	nonENG	2022.0383561643837	2022.0383561643837
647	1	2022.027397260274	2021.9693781232663	nonENG	2022.027397260274	2022.027397260274
648	1	2022.013698630137	2021.965310436922	nonENG	2022.013698630137	2022.013698630137
649	3	2022.0152625762155	2021.9664622712785	nonENG	2022.019178082192	2022.0821917808216
650	1	2022.041095890411	2021.995373476584	nonENG	2022.041095890411	2022.041095890411
651	3	2021.9842119290056	2021.947709588392	nonENG	2022.0438356164384	2022.06301369863
652	1	2021.978082191781	2021.9560518269325	nonENG	2021.978082191781	2021.978082191781
653	2	2021.984314906198	2021.9493039766444	nonENG	2022.0301369863012	2022.054794520548
654	3	2021.995354323661	2021.9690640307176	nonENG	2022.013698630137	2022.0520547945205
655	2	2022.0146266811216	2021.9864084823887	nonENG	2022.0301369863012	2022.0438356164384
656	1	2022.035616438356	2022.028639739449	nonENG	2022.035616438356	2022.035616438356
657	1	2021.9945205479453	2021.991904875665	nonENG	2021.9945205479453	2021.9945205479453
658	2	2021.9968957544268	2021.9607630106932	nonENG	2022.024657534247	2022.0438356164384
659	1	2021.986301369863	2021.9539602939672	nonENG	2021.986301369863	2021.986301369863
660	1	2022.041095890411	2021.9739145407	nonENG	2022.041095890411	2022.041095890411
661	1	2022.0328767123287	2021.990415562348	nonENG	2022.0328767123287	2022.0328767123287
662	1	2022.0328767123287	2021.950572473488	nonENG	2022.0328767123287	2022.0328767123287
663	1	2022.027397260274	2021.9807049033377	nonENG	2022.027397260274	2022.027397260274
664	1	2021.9479452054795	2021.9364359464355	nonENG	2021.9479452054795	2021.9479452054795
665	6	2021.99698030849	2021.9462836753544	nonENG	2022.041095890411	2022.054794520548
666	1	2022.021917808219	2021.9925534118277	nonENG	2022.021917808219	2022.021917808219
667	2	2022.007135408784	2021.9816085396203	nonENG	2022.0164383561644	2022.035616438356
668	3	2021.9744826236915	2021.956254806104	nonENG	2022.024657534247	2022.041095890411
669	1	2022.0438356164384	2022.0051662468088	nonENG	2022.0438356164384	2022.0438356164384
670	3	2022.0105409764608	2021.950333377629	nonENG	2022.024657534247	2022.0684931506848
671	1	2021.9698630136984	2021.9440129144127	nonENG	2021.9698630136984	2021.9698630136984
672	1	2021.978082191781	2021.948376247774	nonENG	2021.978082191781	2021.978082191781
673	2	2021.946061919087	2021.9424181514144	nonENG	2021.9506849315069	2022.0438356164384
674	3	2022.0127132620576	2021.9802073294168	nonENG	2022.0301369863012	2022.0794520547945
675	2	2022.0268019347427	2021.9490434864308	nonENG	2022.035616438356	2022.0438356164384
676	1	2022.0328767123287	2021.982059160724	nonENG	2022.0328767123287	2022.0328767123287
677	2	2022.065358508024	2021.9640279677456	nonENG	2022.0767123287671	2022.0821917808216
678	1	2022.041095890411	2021.9686892498844	nonENG	2022.041095890411	2022.041095890411
679	2	2022.027396356901	2021.9614388611444	nonENG	2022.0383561643837	2022.0657534246573
680	2	2021.9769464418043	2021.9415262523037	nonENG	2021.9917808219177	2022.0821917808216
681	2	2022.0171642476007	2021.9944770893155	nonENG	2022.049315068493	2022.0767123287671
682	2	2022.0236578076888	2021.9863163803327	nonENG	2022.024657534247	2022.024657534247
683	1	2022.0575342465756	2021.958406119219	nonENG	2022.0575342465756	2022.0575342465756
684	1	2022.013698630137	2022.0089496915552	nonENG	2022.013698630137	2022.013698630137
685	9	2021.950087984742	2021.9437389136292	nonENG	2021.9534246575345	2022.0520547945205
686	1	2022.0109589041097	2021.94802418926	nonENG	2022.0109589041097	2022.0109589041097
687	1	2022.0082191780823	2021.9970138061697	nonENG	2022.0082191780823	2022.0082191780823
688	1	2022.041095890411	2021.9782460004265	nonENG	2022.041095890411	2022.041095890411
689	2	2022.035846028063	2022.0093985999813	nonENG	2022.0520547945205	2022.0575342465756
690	1	2022.0575342465756	2021.9454919030557	nonENG	2022.0575342465756	2022.0575342465756
691	1	2022.0657534246573	2022.007129175224	nonENG	2022.0657534246573	2022.0657534246573
692	1	2022.054794520548	2022.04307073592	nonENG	2022.054794520548	2022.054794520548
693	8	2021.9558273907412	2021.9492671503756	nonENG	2021.9671232876717	2022.049315068493
694	1	2021.9917808219177	2021.982260350002	nonENG	2021.9917808219177	2021.9917808219177
695	3	2022.0395172004376	2022.0225266265795	nonENG	2022.0438356164384	2022.06301369863
696	1	2022.041095890411	2021.974182147052	nonENG	2022.041095890411	2022.041095890411
697	1	2022.049315068493	2021.9859600435989	nonENG	2022.049315068493	2022.049315068493
698	2	2022.019295546571	2021.97370904407	nonENG	2022.024657534247	2022.0520547945205
699	2	2022.0288676172388	2021.948233617581	nonENG	2022.0328767123287	2022.0465753424655
700	713	2021.881041207896	2021.8784332960547	nonENG	2021.8986301369864	2022.0821917808216
701	2	2021.904125891076	2021.902315007703	nonENG	2021.9068493150685	2021.9150684931508
702	2	2021.9229777984483	2021.9088865398044	nonENG	2021.9315068493152	2021.9369863013696
703	1	2021.9315068493152	2021.925749900236	nonENG+ENG	2021.9315068493152	2021.9315068493152
704	1	2021.9261745196109	2021.925749900236	nonENG+ENG	2021.9315068493152	2021.9315068493152
705	1	2021.9369863013696	2021.9342030491769	nonENG	2021.9369863013696	2021.9369863013696
706	1	2021.9342465753425	2021.926789077639	nonENG	2021.9342465753425	2021.9342465753425
707	1	2022.0684931506848	2022.0324708795565	nonENG	2022.0684931506848	2022.0684931506848
708	1	2022.0301369863012	2022.000806402976	nonENG	2022.0301369863012	2022.0301369863012
709	1	2022.0684931506848	2021.948908180852	nonENG	2022.0684931506848	2022.0684931506848
710	1	2021.986301369863	2021.9837578746085	nonENG	2021.986301369863	2021.986301369863
711	4	2021.9903561967924	2021.9654458534767	nonENG	2022.049315068493	2022.07397260274
712	1	2022.0657534246573	2021.9782514279768	nonENG	2022.0657534246573	2022.0657534246573
713	1	2022.054794520548	2022.0182412046931	nonENG	2022.054794520548	2022.054794520548
714	1	2022.035616438356	2021.99510305479	nonENG	2022.035616438356	2022.035616438356
715	1	2022.024657534247	2021.9924303492407	nonENG	2022.024657534247	2022.024657534247
716	1	2022.0821917808216	2022.05718341734	nonENG	2022.0821917808216	2022.0821917808216
717	2	2022.0012246019255	2021.9783695363767	nonENG	2022.0657534246573	2022.07397260274
718	1	2022.06301369863	2021.9699926643443	nonENG	2022.06301369863	2022.06301369863
719	1	2022.054794520548	2022.0283666588875	nonENG+ENG	2022.054794520548	2022.054794520548
720	1	2022.036366481361	2022.030200940141	nonENG	2022.07397260274	2022.07397260274
721	1	2022.0341226834548	2022.021086287996	nonENG	2022.0602739726028	2022.0602739726028
722	1	2021.9972602739729	2021.9483605640091	nonENG	2021.9972602739729	2021.9972602739729
723	1	2021.9845815019785	2021.9477766620892	nonENG	2021.986301369863	2021.986301369863
724	1	2021.9232876712329	2021.906810524318	nonENG	2021.9232876712329	2021.9232876712329
725	1	2021.928767123288	2021.921259602776	nonENG	2021.928767123288	2021.928767123288
726	1	2021.92602739726	2021.921519417884	nonENG	2021.92602739726	2021.92602739726
727	1	2021.923278781998	2021.908480109616	nonENG	2021.92602739726	2021.92602739726
728	1	2021.9945205479453	2021.99305097994	nonENG	2021.9945205479453	2021.9945205479453
729	1	2021.9315068493152	2021.9218718693933	nonENG	2021.9315068493152	2021.9315068493152
730	1	2021.9315068493152	2021.9309289977596	nonENG	2021.9315068493152	2021.9315068493152
731	1	2021.928767123288	2021.919809164522	nonENG	2021.928767123288	2021.928767123288
732	1	2021.9397260273968	2021.9198592881123	nonENG	2021.9397260273968	2021.9397260273968
733	2	2021.9150847858696	2021.9059420200083	nonENG	2021.9315068493152	2021.9369863013696
734	1	2021.9226414944767	2021.912951099986	nonENG	2021.9232876712329	2021.9232876712329
735	1	2022.0109589041097	2021.98392997812	nonENG	2022.0109589041097	2022.0109589041097
